Device ID: desktop-a0oeuir-s3dzc1r-mrwauy2r
MongoDB persistence disabled - using in-memory storage for opportunities
Skipping opportunity sync - persistence disabled
Starting agent management system...
(node:1332) [MONGOOSE] Warning: Duplicate schema index on {"userId":1} found. This is often due to declaring an index using both "index: true" and "schema.index()". Please remove the duplicate index definition.
(Use `node --trace-warnings ...` to show where the warning was created)
Server is running on port 5002
Agent 1 (cryptoHunter) started
[1] [2026-07-29T12:02:48.895Z] Starting crypto hunter - performing verifiable cryptographic work
Spawned cryptoHunter agent with ID 1
Agent 2 (opportunityScout) started
[2] [2026-07-29T12:02:48.918Z] Starting opportunity scout - performing verifiable data work
Spawned opportunityScout agent with ID 2
Agent 3 (developer) started
[3] [2026-07-29T12:02:48.934Z] Starting developer agent - performing real verifiable work
[1] [2026-07-29T12:02:48.934Z] Skipping opportunity generation for work type: hash_verification (to reduce circularity)
Spawned developer agent with ID 3
Agent 4 (manager) started
[4] [2026-07-29T12:02:48.938Z] Starting manager agent - monitoring agent performance
[4] [2026-07-29T12:02:48.939Z] Evaluating 4 agents for survival
[4] [2026-07-29T12:02:48.939Z] Eliminating underperforming agent: 4 (manager) - Score: 50.00
Agent 4 (manager) stopped
[4] [2026-07-29T12:02:48.939Z] Cleaning up manager agent
[2] [2026-07-29T12:02:48.943Z] Generated opportunity record for completed work: validation_scoring -> contest
Spawned manager agent with ID 4
Removed agent with ID 4
Initial agents spawned from configuration
[3] [2026-07-29T12:02:48.956Z] Skipping opportunity generation for work type: verification (to reduce circularity)
[4] [2026-07-29T12:02:48.957Z] Boosting elite agent: 1 (cryptoHunter) - Score: 50.00
[1] [2026-07-29T12:02:48.957Z] Work cycle completed. Verified work: 1, Earned: $9.00
[3] [2026-07-29T12:02:48.965Z] Work cycle completed. Earned: $15 for verification
[4] [2026-07-29T12:02:48.965Z] Management cycle complete. Evaluated 4 agents.
[2] [2026-07-29T12:02:48.965Z] Skipping opportunity generation for work type: validation_scoring (to reduce circularity)
[2] [2026-07-29T12:02:48.976Z] Skipping opportunity generation for work type: data_cleaning (to reduce circularity)
[2] [2026-07-29T12:02:48.985Z] Skipping opportunity generation for work type: pattern_matching (to reduce circularity)
[2] [2026-07-29T12:02:48.997Z] Skipping opportunity generation for work type: pattern_matching (to reduce circularity)
[2] [2026-07-29T12:02:48.998Z] Work cycle completed. Verified work: 5, Earned: $37.50
[2] [2026-07-29T12:03:33.941Z] Generated opportunity record for completed work: data_classification -> contest
[2] [2026-07-29T12:03:33.949Z] Skipping opportunity generation for work type: data_cleaning (to reduce circularity)
[2] [2026-07-29T12:03:33.957Z] Skipping opportunity generation for work type: trend_analysis (to reduce circularity)
[2] [2026-07-29T12:03:33.964Z] Skipping opportunity generation for work type: data_cleaning (to reduce circularity)
[2] [2026-07-29T12:03:33.972Z] Generated opportunity record for completed work: data_classification -> grant
[2] [2026-07-29T12:03:33.980Z] Skipping opportunity generation for work type: data_cleaning (to reduce circularity)
[2] [2026-07-29T12:03:33.988Z] Skipping opportunity generation for work type: data_cleaning (to reduce circularity)
[2] [2026-07-29T12:03:33.988Z] Work cycle completed. Verified work: 7, Earned: $52.50
[1] [2026-07-29T12:03:49.105Z] Skipping opportunity generation for work type: signature_validation (to reduce circularity)
[1] [2026-07-29T12:03:49.106Z] Skipping opportunity generation for work type: hash_verification (to reduce circularity)
[1] [2026-07-29T12:03:49.106Z] Skipping opportunity generation for work type: hash_verification (to reduce circularity)
[1] [2026-07-29T12:03:49.146Z] Work cycle completed. Verified work: 3, Earned: $27.00
[2] [2026-07-29T12:04:18.946Z] Skipping opportunity generation for work type: data_classification (to reduce circularity)
[2] [2026-07-29T12:04:18.954Z] Skipping opportunity generation for work type: data_cleaning (to reduce circularity)
[2] [2026-07-29T12:04:18.962Z] Skipping opportunity generation for work type: pattern_matching (to reduce circularity)
[2] [2026-07-29T12:04:18.962Z] Work cycle completed. Verified work: 3, Earned: $22.50
[1] [2026-07-29T12:04:18.963Z] Skipping opportunity generation for work type: hash_verification (to reduce circularity)
[1] [2026-07-29T12:04:18.963Z] Skipping opportunity generation for work type: hash_verification (to reduce circularity)
[1] [2026-07-29T12:04:19.059Z] Generated opportunity record for completed work: signature_validation -> grant
[1] [2026-07-29T12:04:19.121Z] Work cycle completed. Verified work: 3, Earned: $27.00
[3] [2026-07-29T12:04:48.958Z] Skipping opportunity generation for work type: data_processing (to reduce circularity)
[3] [2026-07-29T12:04:48.958Z] Work cycle completed. Earned: $15 for data_processing
[1] [2026-07-29T12:04:48.974Z] Skipping opportunity generation for work type: hash_verification (to reduce circularity)
[1] [2026-07-29T12:04:49.114Z] Skipping opportunity generation for work type: signature_validation (to reduce circularity)
[1] [2026-07-29T12:04:49.132Z] Work cycle completed. Verified work: 2, Earned: $18.00
[2] [2026-07-29T12:05:03.945Z] Skipping opportunity generation for work type: validation_scoring (to reduce circularity)
[2] [2026-07-29T12:05:03.954Z] Skipping opportunity generation for work type: trend_analysis (to reduce circularity)
[2] [2026-07-29T12:05:03.961Z] Generated opportunity record for completed work: pattern_matching -> contest
[2] [2026-07-29T12:05:03.971Z] Skipping opportunity generation for work type: trend_analysis (to reduce circularity)
[2] [2026-07-29T12:05:03.978Z] Skipping opportunity generation for work type: validation_scoring (to reduce circularity)
[2] [2026-07-29T12:05:03.987Z] Generated opportunity record for completed work: trend_analysis -> research
[2] [2026-07-29T12:05:03.987Z] Work cycle completed. Verified work: 6, Earned: $45.00
[1] [2026-07-29T12:05:19.120Z] Skipping opportunity generation for work type: signature_validation (to reduce circularity)
[1] [2026-07-29T12:05:19.277Z] Skipping opportunity generation for work type: signature_validation (to reduce circularity)
[1] [2026-07-29T12:05:19.306Z] Work cycle completed. Verified work: 2, Earned: $18.00
[2] [2026-07-29T12:05:48.960Z] Generated opportunity record for completed work: data_classification -> grant
[2] [2026-07-29T12:05:48.968Z] Skipping opportunity generation for work type: trend_analysis (to reduce circularity)
[2] [2026-07-29T12:05:48.976Z] Skipping opportunity generation for work type: pattern_matching (to reduce circularity)
[2] [2026-07-29T12:05:48.985Z] Skipping opportunity generation for work type: trend_analysis (to reduce circularity)
[2] [2026-07-29T12:05:48.994Z] Generated opportunity record for completed work: data_classification -> grant
[2] [2026-07-29T12:05:49.002Z] Skipping opportunity generation for work type: pattern_matching (to reduce circularity)
[2] [2026-07-29T12:05:49.002Z] Work cycle completed. Verified work: 6, Earned: $45.00
[3] [2026-07-29T12:05:49.011Z] Generated opportunity record for completed work: optimization -> challenge
[3] [2026-07-29T12:05:49.011Z] Work cycle completed. Earned: $15 for optimization
[1] [2026-07-29T12:05:49.085Z] Generated opportunity record for completed work: signature_validation -> development
[1] [2026-07-29T12:05:49.195Z] Skipping opportunity generation for work type: signature_validation (to reduce circularity)
[1] [2026-07-29T12:05:49.229Z] Work cycle completed. Verified work: 2, Earned: $18.00
[1] [2026-07-29T12:06:19.023Z] Skipping opportunity generation for work type: hash_verification (to reduce circularity)
[1] [2026-07-29T12:06:19.193Z] Skipping opportunity generation for work type: signature_validation (to reduce circularity)
[1] [2026-07-29T12:06:19.218Z] Work cycle completed. Verified work: 2, Earned: $18.00
[2] [2026-07-29T12:06:33.974Z] Skipping opportunity generation for work type: pattern_matching (to reduce circularity)
[2] [2026-07-29T12:06:33.982Z] Skipping opportunity generation for work type: data_classification (to reduce circularity)
[2] [2026-07-29T12:06:33.990Z] Skipping opportunity generation for work type: trend_analysis (to reduce circularity)
[2] [2026-07-29T12:06:33.999Z] Generated opportunity record for completed work: pattern_matching -> puzzle
[2] [2026-07-29T12:06:34.008Z] Skipping opportunity generation for work type: trend_analysis (to reduce circularity)
[2] [2026-07-29T12:06:34.015Z] Skipping opportunity generation for work type: trend_analysis (to reduce circularity)
[2] [2026-07-29T12:06:34.023Z] Generated opportunity record for completed work: data_cleaning -> data_engineering
[2] [2026-07-29T12:06:34.023Z] Work cycle completed. Verified work: 7, Earned: $52.50
[3] [2026-07-29T12:06:49.027Z] Skipping opportunity generation for work type: data_processing (to reduce circularity)
[3] [2026-07-29T12:06:49.028Z] Work cycle completed. Earned: $15 for data_processing
[1] [2026-07-29T12:06:49.028Z] Skipping opportunity generation for work type: hash_verification (to reduce circularity)
[1] [2026-07-29T12:06:49.201Z] Skipping opportunity generation for work type: signature_validation (to reduce circularity)
[1] [2026-07-29T12:06:49.228Z] Work cycle completed. Verified work: 2, Earned: $18.00
[2] [2026-07-29T12:07:18.975Z] Skipping opportunity generation for work type: data_cleaning (to reduce circularity)
[2] [2026-07-29T12:07:18.982Z] Skipping opportunity generation for work type: pattern_matching (to reduce circularity)
[2] [2026-07-29T12:07:18.989Z] Generated opportunity record for completed work: pattern_matching -> research
[2] [2026-07-29T12:07:18.990Z] Work cycle completed. Verified work: 3, Earned: $22.50
[1] [2026-07-29T12:07:19.030Z] Generated opportunity record for completed work: hash_verification -> bounty
[1] [2026-07-29T12:07:19.038Z] Work cycle completed. Verified work: 1, Earned: $9.00
[3] [2026-07-29T12:07:49.041Z] Skipping opportunity generation for work type: optimization (to reduce circularity)
[3] [2026-07-29T12:07:49.041Z] Work cycle completed. Earned: $15 for optimization
[2] [2026-07-29T12:08:03.994Z] Skipping opportunity generation for work type: pattern_matching (to reduce circularity)
[2] [2026-07-29T12:08:03.995Z] Work cycle completed. Verified work: 1, Earned: $7.50
[1] [2026-07-29T12:08:19.047Z] Skipping opportunity generation for work type: hash_verification (to reduce circularity)
[1] [2026-07-29T12:08:19.047Z] Skipping opportunity generation for work type: hash_verification (to reduce circularity)
[1] [2026-07-29T12:08:19.066Z] Work cycle completed. Verified work: 2, Earned: $18.00
[2] [2026-07-29T12:08:48.996Z] Generated opportunity record for completed work: data_cleaning -> data_engineering
[2] [2026-07-29T12:08:48.996Z] Work cycle completed. Verified work: 1, Earned: $7.50
[3] [2026-07-29T12:08:49.040Z] Skipping opportunity generation for work type: pattern_recognition (to reduce circularity)
[3] [2026-07-29T12:08:49.041Z] Work cycle completed. Earned: $15 for pattern_recognition
[1] [2026-07-29T12:09:19.063Z] Generated opportunity record for completed work: hash_verification -> contest
[1] [2026-07-29T12:09:19.139Z] Skipping opportunity generation for work type: signature_validation (to reduce circularity)
[1] [2026-07-29T12:09:19.155Z] Work cycle completed. Verified work: 2, Earned: $18.00
[2] [2026-07-29T12:09:33.992Z] Skipping opportunity generation for work type: data_cleaning (to reduce circularity)
[2] [2026-07-29T12:09:34.001Z] Skipping opportunity generation for work type: pattern_matching (to reduce circularity)
[2] [2026-07-29T12:09:34.001Z] Work cycle completed. Verified work: 2, Earned: $15.00
[3] [2026-07-29T12:09:49.051Z] Skipping opportunity generation for work type: verification (to reduce circularity)
[3] [2026-07-29T12:09:49.051Z] Work cycle completed. Earned: $15 for verification
[1] [2026-07-29T12:09:49.073Z] Generated opportunity record for completed work: hash_verification -> bounty
[1] [2026-07-29T12:09:49.214Z] Skipping opportunity generation for work type: signature_validation (to reduce circularity)
[1] [2026-07-29T12:09:49.238Z] Work cycle completed. Verified work: 2, Earned: $18.00
[2] [2026-07-29T12:10:19.001Z] Generated opportunity record for completed work: data_classification -> research
[2] [2026-07-29T12:10:19.009Z] Generated opportunity record for completed work: pattern_matching -> contest
[2] [2026-07-29T12:10:19.018Z] Generated opportunity record for completed work: validation_scoring -> contest
[2] [2026-07-29T12:10:19.026Z] Skipping opportunity generation for work type: trend_analysis (to reduce circularity)
[2] [2026-07-29T12:10:19.034Z] Skipping opportunity generation for work type: data_classification (to reduce circularity)
[2] [2026-07-29T12:10:19.043Z] Generated opportunity record for completed work: data_cleaning -> data_engineering
[2] [2026-07-29T12:10:19.050Z] Generated opportunity record for completed work: data_cleaning -> data_engineering
[2] [2026-07-29T12:10:19.057Z] Skipping opportunity generation for work type: data_cleaning (to reduce circularity)
[2] [2026-07-29T12:10:19.057Z] Work cycle completed. Verified work: 8, Earned: $60.00
[1] [2026-07-29T12:10:19.141Z] Skipping opportunity generation for work type: signature_validation (to reduce circularity)
[1] [2026-07-29T12:10:19.156Z] Work cycle completed. Verified work: 1, Earned: $9.00
[3] [2026-07-29T12:10:49.053Z] Skipping opportunity generation for work type: pattern_recognition (to reduce circularity)
[3] [2026-07-29T12:10:49.053Z] Work cycle completed. Earned: $15 for pattern_recognition
[1] [2026-07-29T12:10:49.229Z] Skipping opportunity generation for work type: signature_validation (to reduce circularity)
[1] [2026-07-29T12:10:49.237Z] Work cycle completed. Verified work: 1, Earned: $9.00
[2] [2026-07-29T12:11:04.026Z] Generated opportunity record for completed work: data_cleaning -> development
[2] [2026-07-29T12:11:04.038Z] Skipping opportunity generation for work type: data_cleaning (to reduce circularity)
[2] [2026-07-29T12:11:04.047Z] Generated opportunity record for completed work: trend_analysis -> bounty
[2] [2026-07-29T12:11:04.056Z] Skipping opportunity generation for work type: validation_scoring (to reduce circularity)
[2] [2026-07-29T12:11:04.063Z] Skipping opportunity generation for work type: data_classification (to reduce circularity)
[2] [2026-07-29T12:11:04.072Z] Skipping opportunity generation for work type: pattern_matching (to reduce circularity)
[2] [2026-07-29T12:11:04.079Z] Generated opportunity record for completed work: data_classification -> research
[2] [2026-07-29T12:11:04.080Z] Work cycle completed. Verified work: 7, Earned: $52.50
[1] [2026-07-29T12:11:19.171Z] Skipping opportunity generation for work type: signature_validation (to reduce circularity)
[1] [2026-07-29T12:11:19.197Z] Work cycle completed. Verified work: 1, Earned: $9.00
[2] [2026-07-29T12:11:49.040Z] Skipping opportunity generation for work type: data_classification (to reduce circularity)
[2] [2026-07-29T12:11:49.055Z] Generated opportunity record for completed work: trend_analysis -> research
[2] [2026-07-29T12:11:49.064Z] Skipping opportunity generation for work type: pattern_matching (to reduce circularity)
[2] [2026-07-29T12:11:49.081Z] Skipping opportunity generation for work type: data_cleaning (to reduce circularity)
[2] [2026-07-29T12:11:49.081Z] Work cycle completed. Verified work: 4, Earned: $30.00
[3] [2026-07-29T12:11:49.090Z] Generated opportunity record for completed work: verification -> security_audit
[3] [2026-07-29T12:11:49.090Z] Work cycle completed. Earned: $15 for verification
[1] [2026-07-29T12:11:49.294Z] Skipping opportunity generation for work type: signature_validation (to reduce circularity)
[1] [2026-07-29T12:11:49.332Z] Work cycle completed. Verified work: 1, Earned: $9.00
[1] [2026-07-29T12:12:19.121Z] Generated opportunity record for completed work: hash_verification -> contest
[1] [2026-07-29T12:12:19.142Z] Work cycle completed. Verified work: 1, Earned: $9.00
[2] [2026-07-29T12:12:34.044Z] Generated opportunity record for completed work: data_classification -> contest
[2] [2026-07-29T12:12:34.060Z] Skipping opportunity generation for work type: trend_analysis (to reduce circularity)
[2] [2026-07-29T12:12:34.070Z] Skipping opportunity generation for work type: validation_scoring (to reduce circularity)
[2] [2026-07-29T12:12:34.079Z] Skipping opportunity generation for work type: trend_analysis (to reduce circularity)
[2] [2026-07-29T12:12:34.088Z] Skipping opportunity generation for work type: data_classification (to reduce circularity)
[2] [2026-07-29T12:12:34.097Z] Generated opportunity record for completed work: validation_scoring -> quality_assurance
[2] [2026-07-29T12:12:34.104Z] Skipping opportunity generation for work type: data_cleaning (to reduce circularity)
[2] [2026-07-29T12:12:34.111Z] Skipping opportunity generation for work type: data_classification (to reduce circularity)
[2] [2026-07-29T12:12:34.111Z] Work cycle completed. Verified work: 8, Earned: $60.00
[1] [2026-07-29T12:12:49.129Z] Generated opportunity record for completed work: hash_verification -> bounty
[1] [2026-07-29T12:12:49.129Z] Skipping opportunity generation for work type: hash_verification (to reduce circularity)
[1] [2026-07-29T12:12:49.150Z] Work cycle completed. Verified work: 2, Earned: $18.00
[2] [2026-07-29T12:13:19.040Z] Skipping opportunity generation for work type: validation_scoring (to reduce circularity)
[2] [2026-07-29T12:13:19.048Z] Generated opportunity record for completed work: validation_scoring -> bounty
[2] [2026-07-29T12:13:19.055Z] Skipping opportunity generation for work type: trend_analysis (to reduce circularity)
[2] [2026-07-29T12:13:19.062Z] Generated opportunity record for completed work: trend_analysis -> bounty
[2] [2026-07-29T12:13:19.070Z] Generated opportunity record for completed work: trend_analysis -> bounty
[2] [2026-07-29T12:13:19.077Z] Generated opportunity record for completed work: data_cleaning -> development
[2] [2026-07-29T12:13:19.085Z] Skipping opportunity generation for work type: trend_analysis (to reduce circularity)
[2] [2026-07-29T12:13:19.085Z] Work cycle completed. Verified work: 7, Earned: $52.50
[1] [2026-07-29T12:13:19.141Z] Skipping opportunity generation for work type: hash_verification (to reduce circularity)
[1] [2026-07-29T12:13:19.151Z] Work cycle completed. Verified work: 1, Earned: $9.00
[3] [2026-07-29T12:13:49.108Z] Skipping opportunity generation for work type: verification (to reduce circularity)
[3] [2026-07-29T12:13:49.108Z] Work cycle completed. Earned: $15 for verification
[1] [2026-07-29T12:13:49.346Z] Skipping opportunity generation for work type: signature_validation (to reduce circularity)
[1] [2026-07-29T12:13:49.455Z] Generated opportunity record for completed work: signature_validation -> development
[1] [2026-07-29T12:13:49.475Z] Work cycle completed. Verified work: 2, Earned: $18.00
[2] [2026-07-29T12:14:04.038Z] Skipping opportunity generation for work type: data_classification (to reduce circularity)
[2] [2026-07-29T12:14:04.046Z] Skipping opportunity generation for work type: pattern_matching (to reduce circularity)
[2] [2026-07-29T12:14:04.054Z] Skipping opportunity generation for work type: data_classification (to reduce circularity)
[2] [2026-07-29T12:14:04.062Z] Generated opportunity record for completed work: validation_scoring -> quality_assurance
[2] [2026-07-29T12:14:04.062Z] Work cycle completed. Verified work: 4, Earned: $30.00
[1] [2026-07-29T12:14:19.149Z] Generated opportunity record for completed work: hash_verification -> bounty
[1] [2026-07-29T12:14:19.161Z] Work cycle completed. Verified work: 1, Earned: $9.00
[2] [2026-07-29T12:14:49.040Z] Skipping opportunity generation for work type: validation_scoring (to reduce circularity)
[2] [2026-07-29T12:14:49.046Z] Generated opportunity record for completed work: trend_analysis -> bounty
[2] [2026-07-29T12:14:49.055Z] Skipping opportunity generation for work type: validation_scoring (to reduce circularity)
[2] [2026-07-29T12:14:49.062Z] Skipping opportunity generation for work type: data_cleaning (to reduce circularity)
[2] [2026-07-29T12:14:49.069Z] Skipping opportunity generation for work type: data_cleaning (to reduce circularity)
[2] [2026-07-29T12:14:49.069Z] Work cycle completed. Verified work: 5, Earned: $37.50
[3] [2026-07-29T12:14:49.117Z] Generated opportunity record for completed work: optimization -> optimization_challenge
[3] [2026-07-29T12:14:49.117Z] Work cycle completed. Earned: $15 for optimization
[1] [2026-07-29T12:14:49.343Z] Skipping opportunity generation for work type: signature_validation (to reduce circularity)
[1] [2026-07-29T12:14:49.344Z] Skipping opportunity generation for work type: hash_verification (to reduce circularity)
[1] [2026-07-29T12:14:49.513Z] Skipping opportunity generation for work type: signature_validation (to reduce circularity)
[1] [2026-07-29T12:14:49.538Z] Work cycle completed. Verified work: 3, Earned: $27.00
[1] [2026-07-29T12:15:19.164Z] Skipping opportunity generation for work type: hash_verification (to reduce circularity)
[1] [2026-07-29T12:15:19.164Z] Skipping opportunity generation for work type: hash_verification (to reduce circularity)
[1] [2026-07-29T12:15:19.164Z] Skipping opportunity generation for work type: hash_verification (to reduce circularity)
[1] [2026-07-29T12:15:19.189Z] Work cycle completed. Verified work: 3, Earned: $27.00
[2] [2026-07-29T12:15:34.042Z] Generated opportunity record for completed work: trend_analysis -> airdrop
[2] [2026-07-29T12:15:34.051Z] Skipping opportunity generation for work type: data_cleaning (to reduce circularity)
[2] [2026-07-29T12:15:34.058Z] Skipping opportunity generation for work type: data_classification (to reduce circularity)
[2] [2026-07-29T12:15:34.066Z] Generated opportunity record for completed work: validation_scoring -> bounty
[2] [2026-07-29T12:15:34.074Z] Generated opportunity record for completed work: pattern_matching -> research
[2] [2026-07-29T12:15:34.081Z] Skipping opportunity generation for work type: validation_scoring (to reduce circularity)
[2] [2026-07-29T12:15:34.087Z] Skipping opportunity generation for work type: data_cleaning (to reduce circularity)
[2] [2026-07-29T12:15:34.095Z] Skipping opportunity generation for work type: pattern_matching (to reduce circularity)
[2] [2026-07-29T12:15:34.095Z] Work cycle completed. Verified work: 8, Earned: $60.00
[3] [2026-07-29T12:15:49.136Z] Generated opportunity record for completed work: verification -> security_audit
[3] [2026-07-29T12:15:49.136Z] Work cycle completed. Earned: $15 for verification
[1] [2026-07-29T12:15:49.358Z] Generated opportunity record for completed work: signature_validation -> development
[1] [2026-07-29T12:15:49.360Z] Generated opportunity record for completed work: hash_verification -> grant
[1] [2026-07-29T12:15:49.379Z] Work cycle completed. Verified work: 2, Earned: $18.00
[2] [2026-07-29T12:16:19.043Z] Skipping opportunity generation for work type: data_classification (to reduce circularity)
[2] [2026-07-29T12:16:19.049Z] Skipping opportunity generation for work type: data_classification (to reduce circularity)
[2] [2026-07-29T12:16:19.050Z] Work cycle completed. Verified work: 2, Earned: $15.00
[1] [2026-07-29T12:16:19.283Z] Generated opportunity record for completed work: signature_validation -> development
[1] [2026-07-29T12:16:19.483Z] Generated opportunity record for completed work: signature_validation -> grant
[1] [2026-07-29T12:16:19.484Z] Skipping opportunity generation for work type: hash_verification (to reduce circularity)
[1] [2026-07-29T12:16:19.510Z] Work cycle completed. Verified work: 3, Earned: $27.00
[3] [2026-07-29T12:16:49.139Z] Skipping opportunity generation for work type: data_processing (to reduce circularity)
[3] [2026-07-29T12:16:49.140Z] Work cycle completed. Earned: $15 for data_processing
[1] [2026-07-29T12:16:49.375Z] Skipping opportunity generation for work type: signature_validation (to reduce circularity)
[1] [2026-07-29T12:16:49.376Z] Skipping opportunity generation for work type: hash_verification (to reduce circularity)
[1] [2026-07-29T12:16:49.396Z] Work cycle completed. Verified work: 2, Earned: $18.00
[2] [2026-07-29T12:17:04.049Z] Generated opportunity record for completed work: data_cleaning -> data_engineering
[2] [2026-07-29T12:17:04.056Z] Skipping opportunity generation for work type: data_classification (to reduce circularity)
[2] [2026-07-29T12:17:04.064Z] Generated opportunity record for completed work: pattern_matching -> research
[2] [2026-07-29T12:17:04.072Z] Generated opportunity record for completed work: pattern_matching -> puzzle
[2] [2026-07-29T12:17:04.078Z] Generated opportunity record for completed work: data_cleaning -> freelance
[2] [2026-07-29T12:17:04.085Z] Skipping opportunity generation for work type: data_cleaning (to reduce circularity)
[2] [2026-07-29T12:17:04.085Z] Work cycle completed. Verified work: 6, Earned: $45.00
[1] [2026-07-29T12:17:19.197Z] Generated opportunity record for completed work: hash_verification -> contest
[1] [2026-07-29T12:17:19.305Z] Skipping opportunity generation for work type: signature_validation (to reduce circularity)
[1] [2026-07-29T12:17:19.460Z] Skipping opportunity generation for work type: signature_validation (to reduce circularity)
[1] [2026-07-29T12:17:19.461Z] Skipping opportunity generation for work type: hash_verification (to reduce circularity)
[1] [2026-07-29T12:17:19.494Z] Work cycle completed. Verified work: 4, Earned: $36.00
[2] [2026-07-29T12:17:49.056Z] Generated opportunity record for completed work: trend_analysis -> research
[2] [2026-07-29T12:17:49.064Z] Generated opportunity record for completed work: pattern_matching -> contest
[2] [2026-07-29T12:17:49.064Z] Work cycle completed. Verified work: 2, Earned: $15.00
[3] [2026-07-29T12:17:49.137Z] Skipping opportunity generation for work type: pattern_recognition (to reduce circularity)
[3] [2026-07-29T12:17:49.137Z] Work cycle completed. Earned: $15 for pattern_recognition
[1] [2026-07-29T12:17:49.204Z] Skipping opportunity generation for work type: hash_verification (to reduce circularity)
[1] [2026-07-29T12:17:49.266Z] Skipping opportunity generation for work type: signature_validation (to reduce circularity)
[1] [2026-07-29T12:17:49.266Z] Skipping opportunity generation for work type: hash_verification (to reduce circularity)
[1] [2026-07-29T12:17:49.267Z] Generated opportunity record for completed work: hash_verification -> bounty
[1] [2026-07-29T12:17:49.374Z] Skipping opportunity generation for work type: signature_validation (to reduce circularity)
[1] [2026-07-29T12:17:49.414Z] Work cycle completed. Verified work: 5, Earned: $45.00
[1] [2026-07-29T12:18:19.216Z] Skipping opportunity generation for work type: hash_verification (to reduce circularity)
[1] [2026-07-29T12:18:19.216Z] Skipping opportunity generation for work type: hash_verification (to reduce circularity)
[1] [2026-07-29T12:18:19.244Z] Work cycle completed. Verified work: 2, Earned: $18.00
[2] [2026-07-29T12:18:34.070Z] Generated opportunity record for completed work: trend_analysis -> airdrop
[2] [2026-07-29T12:18:34.078Z] Skipping opportunity generation for work type: data_classification (to reduce circularity)
[2] [2026-07-29T12:18:34.086Z] Skipping opportunity generation for work type: validation_scoring (to reduce circularity)
[2] [2026-07-29T12:18:34.093Z] Generated opportunity record for completed work: data_classification -> grant
[2] [2026-07-29T12:18:34.101Z] Skipping opportunity generation for work type: data_cleaning (to reduce circularity)
[2] [2026-07-29T12:18:34.108Z] Skipping opportunity generation for work type: pattern_matching (to reduce circularity)
[2] [2026-07-29T12:18:34.108Z] Work cycle completed. Verified work: 6, Earned: $45.00
[3] [2026-07-29T12:18:49.148Z] Skipping opportunity generation for work type: data_processing (to reduce circularity)
[3] [2026-07-29T12:18:49.148Z] Work cycle completed. Earned: $15 for data_processing
[1] [2026-07-29T12:18:49.228Z] Skipping opportunity generation for work type: hash_verification (to reduce circularity)
[1] [2026-07-29T12:18:49.258Z] Work cycle completed. Verified work: 1, Earned: $9.00
[2] [2026-07-29T12:19:19.082Z] Generated opportunity record for completed work: validation_scoring -> quality_assurance
[2] [2026-07-29T12:19:19.083Z] Work cycle completed. Verified work: 1, Earned: $7.50
[1] [2026-07-29T12:19:19.415Z] Skipping opportunity generation for work type: signature_validation (to reduce circularity)
[1] [2026-07-29T12:19:19.618Z] Skipping opportunity generation for work type: signature_validation (to reduce circularity)
[1] [2026-07-29T12:19:19.637Z] Work cycle completed. Verified work: 2, Earned: $18.00
[3] [2026-07-29T12:19:49.147Z] Skipping opportunity generation for work type: verification (to reduce circularity)
[3] [2026-07-29T12:19:49.147Z] Work cycle completed. Earned: $15 for verification
[1] [2026-07-29T12:19:49.229Z] Skipping opportunity generation for work type: hash_verification (to reduce circularity)
[1] [2026-07-29T12:19:49.259Z] Work cycle completed. Verified work: 1, Earned: $9.00
[2] [2026-07-29T12:20:04.093Z] Generated opportunity record for completed work: pattern_matching -> contest
[2] [2026-07-29T12:20:04.102Z] Generated opportunity record for completed work: data_classification -> grant
[2] [2026-07-29T12:20:04.109Z] Skipping opportunity generation for work type: pattern_matching (to reduce circularity)
[2] [2026-07-29T12:20:04.116Z] Skipping opportunity generation for work type: trend_analysis (to reduce circularity)
[2] [2026-07-29T12:20:04.123Z] Skipping opportunity generation for work type: trend_analysis (to reduce circularity)
[2] [2026-07-29T12:20:04.129Z] Generated opportunity record for completed work: pattern_matching -> research
[2] [2026-07-29T12:20:04.136Z] Skipping opportunity generation for work type: data_cleaning (to reduce circularity)
[2] [2026-07-29T12:20:04.137Z] Work cycle completed. Verified work: 7, Earned: $52.50
[1] [2026-07-29T12:20:19.237Z] Generated opportunity record for completed work: hash_verification -> contest
[1] [2026-07-29T12:20:19.248Z] Work cycle completed. Verified work: 1, Earned: $9.00
[2] [2026-07-29T12:20:49.089Z] Skipping opportunity generation for work type: validation_scoring (to reduce circularity)
[2] [2026-07-29T12:20:49.097Z] Generated opportunity record for completed work: data_classification -> grant
[2] [2026-07-29T12:20:49.104Z] Skipping opportunity generation for work type: data_classification (to reduce circularity)
[2] [2026-07-29T12:20:49.104Z] Work cycle completed. Verified work: 3, Earned: $22.50
[3] [2026-07-29T12:20:49.150Z] Skipping opportunity generation for work type: verification (to reduce circularity)
[3] [2026-07-29T12:20:49.150Z] Work cycle completed. Earned: $15 for verification
[1] [2026-07-29T12:20:49.252Z] Skipping opportunity generation for work type: hash_verification (to reduce circularity)
[1] [2026-07-29T12:20:49.264Z] Work cycle completed. Verified work: 1, Earned: $9.00
[1] [2026-07-29T12:21:19.365Z] Skipping opportunity generation for work type: signature_validation (to reduce circularity)
[1] [2026-07-29T12:21:19.366Z] Skipping opportunity generation for work type: hash_verification (to reduce circularity)
[1] [2026-07-29T12:21:19.385Z] Work cycle completed. Verified work: 2, Earned: $18.00
[2] [2026-07-29T12:21:34.098Z] Generated opportunity record for completed work: trend_analysis -> bounty
[2] [2026-07-29T12:21:34.105Z] Skipping opportunity generation for work type: pattern_matching (to reduce circularity)
[2] [2026-07-29T12:21:34.111Z] Skipping opportunity generation for work type: trend_analysis (to reduce circularity)
[2] [2026-07-29T12:21:34.119Z] Generated opportunity record for completed work: trend_analysis -> research
[2] [2026-07-29T12:21:34.126Z] Skipping opportunity generation for work type: data_cleaning (to reduce circularity)
[2] [2026-07-29T12:21:34.127Z] Work cycle completed. Verified work: 5, Earned: $37.50
[3] [2026-07-29T12:21:49.165Z] Generated opportunity record for completed work: optimization -> bounty
[3] [2026-07-29T12:21:49.165Z] Work cycle completed. Earned: $15 for optimization
[2] [2026-07-29T12:22:19.099Z] Skipping opportunity generation for work type: trend_analysis (to reduce circularity)
[2] [2026-07-29T12:22:19.107Z] Skipping opportunity generation for work type: data_classification (to reduce circularity)
[2] [2026-07-29T12:22:19.107Z] Work cycle completed. Verified work: 2, Earned: $15.00
[1] [2026-07-29T12:22:19.414Z] Skipping opportunity generation for work type: signature_validation (to reduce circularity)
[1] [2026-07-29T12:22:19.425Z] Work cycle completed. Verified work: 1, Earned: $9.00
[3] [2026-07-29T12:22:49.166Z] Generated opportunity record for completed work: optimization -> bounty
[3] [2026-07-29T12:22:49.166Z] Work cycle completed. Earned: $15 for optimization
[1] [2026-07-29T12:22:49.285Z] Generated opportunity record for completed work: hash_verification -> grant
[1] [2026-07-29T12:22:49.315Z] Work cycle completed. Verified work: 1, Earned: $9.00
[2] [2026-07-29T12:23:04.104Z] Generated opportunity record for completed work: trend_analysis -> bounty
[2] [2026-07-29T12:23:04.112Z] Skipping opportunity generation for work type: pattern_matching (to reduce circularity)
[2] [2026-07-29T12:23:04.119Z] Skipping opportunity generation for work type: trend_analysis (to reduce circularity)
[2] [2026-07-29T12:23:04.119Z] Work cycle completed. Verified work: 3, Earned: $22.50
[2] [2026-07-29T12:23:49.132Z] Skipping opportunity generation for work type: pattern_matching (to reduce circularity)
[2] [2026-07-29T12:23:49.132Z] Work cycle completed. Verified work: 1, Earned: $7.50
[3] [2026-07-29T12:23:49.181Z] Skipping opportunity generation for work type: data_processing (to reduce circularity)
[3] [2026-07-29T12:23:49.181Z] Work cycle completed. Earned: $15 for data_processing
[1] [2026-07-29T12:23:49.305Z] Skipping opportunity generation for work type: hash_verification (to reduce circularity)
[1] [2026-07-29T12:23:49.316Z] Work cycle completed. Verified work: 1, Earned: $9.00
[1] [2026-07-29T12:24:19.309Z] Generated opportunity record for completed work: hash_verification -> contest
[1] [2026-07-29T12:24:19.310Z] Skipping opportunity generation for work type: hash_verification (to reduce circularity)
[1] [2026-07-29T12:24:19.331Z] Work cycle completed. Verified work: 2, Earned: $18.00
[2] [2026-07-29T12:24:34.172Z] Skipping opportunity generation for work type: data_cleaning (to reduce circularity)
[2] [2026-07-29T12:24:34.173Z] Work cycle completed. Verified work: 1, Earned: $7.50
[3] [2026-07-29T12:24:49.170Z] Skipping opportunity generation for work type: optimization (to reduce circularity)
[3] [2026-07-29T12:24:49.170Z] Work cycle completed. Earned: $15 for optimization
[1] [2026-07-29T12:24:49.477Z] Skipping opportunity generation for work type: signature_validation (to reduce circularity)
[1] [2026-07-29T12:24:49.477Z] Skipping opportunity generation for work type: hash_verification (to reduce circularity)
[1] [2026-07-29T12:24:49.602Z] Skipping opportunity generation for work type: signature_validation (to reduce circularity)
[1] [2026-07-29T12:24:49.625Z] Work cycle completed. Verified work: 3, Earned: $27.00
[2] [2026-07-29T12:25:19.125Z] Generated opportunity record for completed work: data_classification -> contest
[2] [2026-07-29T12:25:19.133Z] Skipping opportunity generation for work type: data_cleaning (to reduce circularity)
[2] [2026-07-29T12:25:19.133Z] Work cycle completed. Verified work: 2, Earned: $15.00
[3] [2026-07-29T12:25:49.189Z] Skipping opportunity generation for work type: verification (to reduce circularity)
[3] [2026-07-29T12:25:49.189Z] Work cycle completed. Earned: $15 for verification
[1] [2026-07-29T12:25:49.334Z] Skipping opportunity generation for work type: hash_verification (to reduce circularity)
[1] [2026-07-29T12:25:49.335Z] Generated opportunity record for completed work: hash_verification -> bounty
[1] [2026-07-29T12:25:49.354Z] Work cycle completed. Verified work: 2, Earned: $18.00
[2] [2026-07-29T12:26:04.136Z] Generated opportunity record for completed work: data_classification -> contest
[2] [2026-07-29T12:26:04.145Z] Generated opportunity record for completed work: validation_scoring -> quality_assurance
[2] [2026-07-29T12:26:04.152Z] Skipping opportunity generation for work type: pattern_matching (to reduce circularity)
[2] [2026-07-29T12:26:04.159Z] Skipping opportunity generation for work type: data_cleaning (to reduce circularity)
[2] [2026-07-29T12:26:04.159Z] Work cycle completed. Verified work: 4, Earned: $30.00
[1] [2026-07-29T12:26:19.434Z] Skipping opportunity generation for work type: signature_validation (to reduce circularity)
[1] [2026-07-29T12:26:19.435Z] Skipping opportunity generation for work type: hash_verification (to reduce circularity)
[1] [2026-07-29T12:26:19.543Z] Skipping opportunity generation for work type: signature_validation (to reduce circularity)
[1] [2026-07-29T12:26:19.715Z] Skipping opportunity generation for work type: signature_validation (to reduce circularity)
[1] [2026-07-29T12:26:19.745Z] Work cycle completed. Verified work: 4, Earned: $36.00
[2] [2026-07-29T12:26:49.135Z] Skipping opportunity generation for work type: validation_scoring (to reduce circularity)
[2] [2026-07-29T12:26:49.136Z] Work cycle completed. Verified work: 1, Earned: $7.50
[3] [2026-07-29T12:26:49.194Z] Skipping opportunity generation for work type: data_processing (to reduce circularity)
[3] [2026-07-29T12:26:49.194Z] Work cycle completed. Earned: $15 for data_processing
[1] [2026-07-29T12:26:49.545Z] Skipping opportunity generation for work type: signature_validation (to reduce circularity)
[1] [2026-07-29T12:26:49.669Z] Generated opportunity record for completed work: signature_validation -> development
[1] [2026-07-29T12:26:49.687Z] Work cycle completed. Verified work: 2, Earned: $18.00
[2] [2026-07-29T12:27:34.141Z] Skipping opportunity generation for work type: pattern_matching (to reduce circularity)
[2] [2026-07-29T12:27:34.149Z] Skipping opportunity generation for work type: validation_scoring (to reduce circularity)
[2] [2026-07-29T12:27:34.156Z] Skipping opportunity generation for work type: pattern_matching (to reduce circularity)
[2] [2026-07-29T12:27:34.162Z] Skipping opportunity generation for work type: pattern_matching (to reduce circularity)
[2] [2026-07-29T12:27:34.169Z] Skipping opportunity generation for work type: trend_analysis (to reduce circularity)
[2] [2026-07-29T12:27:34.177Z] Skipping opportunity generation for work type: validation_scoring (to reduce circularity)
[2] [2026-07-29T12:27:34.177Z] Work cycle completed. Verified work: 6, Earned: $45.00
[3] [2026-07-29T12:27:49.210Z] Skipping opportunity generation for work type: data_processing (to reduce circularity)
[3] [2026-07-29T12:27:49.211Z] Work cycle completed. Earned: $15 for data_processing
[1] [2026-07-29T12:27:49.355Z] Skipping opportunity generation for work type: hash_verification (to reduce circularity)
[1] [2026-07-29T12:27:49.527Z] Generated opportunity record for completed work: signature_validation -> grant
[1] [2026-07-29T12:27:49.544Z] Work cycle completed. Verified work: 2, Earned: $18.00
[2] [2026-07-29T12:28:19.145Z] Skipping opportunity generation for work type: trend_analysis (to reduce circularity)
[2] [2026-07-29T12:28:19.153Z] Generated opportunity record for completed work: validation_scoring -> contest
[2] [2026-07-29T12:28:19.160Z] Skipping opportunity generation for work type: data_classification (to reduce circularity)
[2] [2026-07-29T12:28:19.167Z] Generated opportunity record for completed work: pattern_matching -> contest
[2] [2026-07-29T12:28:19.174Z] Skipping opportunity generation for work type: pattern_matching (to reduce circularity)
[2] [2026-07-29T12:28:19.181Z] Skipping opportunity generation for work type: data_cleaning (to reduce circularity)
[2] [2026-07-29T12:28:19.181Z] Work cycle completed. Verified work: 6, Earned: $45.00
[1] [2026-07-29T12:28:19.369Z] Generated opportunity record for completed work: hash_verification -> contest
[1] [2026-07-29T12:28:19.381Z] Work cycle completed. Verified work: 1, Earned: $9.00
[3] [2026-07-29T12:28:49.222Z] Skipping opportunity generation for work type: optimization (to reduce circularity)
[3] [2026-07-29T12:28:49.222Z] Work cycle completed. Earned: $15 for optimization
[1] [2026-07-29T12:28:49.382Z] Generated opportunity record for completed work: hash_verification -> contest
[1] [2026-07-29T12:28:49.393Z] Work cycle completed. Verified work: 1, Earned: $9.00
[2] [2026-07-29T12:29:04.154Z] Skipping opportunity generation for work type: trend_analysis (to reduce circularity)
[2] [2026-07-29T12:29:04.162Z] Skipping opportunity generation for work type: data_classification (to reduce circularity)
[2] [2026-07-29T12:29:04.170Z] Skipping opportunity generation for work type: data_classification (to reduce circularity)
[2] [2026-07-29T12:29:04.178Z] Skipping opportunity generation for work type: validation_scoring (to reduce circularity)
[2] [2026-07-29T12:29:04.185Z] Generated opportunity record for completed work: validation_scoring -> quality_assurance
[2] [2026-07-29T12:29:04.185Z] Work cycle completed. Verified work: 5, Earned: $37.50
[1] [2026-07-29T12:29:19.397Z] Skipping opportunity generation for work type: hash_verification (to reduce circularity)
[1] [2026-07-29T12:29:19.408Z] Work cycle completed. Verified work: 1, Earned: $9.00
[2] [2026-07-29T12:29:49.173Z] Skipping opportunity generation for work type: data_classification (to reduce circularity)
[2] [2026-07-29T12:29:49.180Z] Skipping opportunity generation for work type: data_cleaning (to reduce circularity)
[2] [2026-07-29T12:29:49.188Z] Skipping opportunity generation for work type: validation_scoring (to reduce circularity)
[2] [2026-07-29T12:29:49.195Z] Generated opportunity record for completed work: trend_analysis -> bounty
[2] [2026-07-29T12:29:49.202Z] Generated opportunity record for completed work: pattern_matching -> puzzle
[2] [2026-07-29T12:29:49.209Z] Generated opportunity record for completed work: data_classification -> grant
[2] [2026-07-29T12:29:49.216Z] Skipping opportunity generation for work type: data_classification (to reduce circularity)
[2] [2026-07-29T12:29:49.216Z] Work cycle completed. Verified work: 7, Earned: $52.50
[3] [2026-07-29T12:29:49.222Z] Skipping opportunity generation for work type: verification (to reduce circularity)
[3] [2026-07-29T12:29:49.222Z] Work cycle completed. Earned: $15 for verification
[1] [2026-07-29T12:29:49.504Z] Skipping opportunity generation for work type: signature_validation (to reduce circularity)
[1] [2026-07-29T12:29:49.674Z] Generated opportunity record for completed work: signature_validation -> bounty
[1] [2026-07-29T12:29:49.675Z] Skipping opportunity generation for work type: hash_verification (to reduce circularity)
[1] [2026-07-29T12:29:49.675Z] Skipping opportunity generation for work type: hash_verification (to reduce circularity)
[1] [2026-07-29T12:29:49.728Z] Work cycle completed. Verified work: 4, Earned: $36.00
[1] [2026-07-29T12:30:19.418Z] Skipping opportunity generation for work type: hash_verification (to reduce circularity)
[1] [2026-07-29T12:30:19.418Z] Skipping opportunity generation for work type: hash_verification (to reduce circularity)
[1] [2026-07-29T12:30:19.438Z] Work cycle completed. Verified work: 2, Earned: $18.00
[2] [2026-07-29T12:30:34.179Z] Skipping opportunity generation for work type: trend_analysis (to reduce circularity)
[2] [2026-07-29T12:30:34.188Z] Skipping opportunity generation for work type: validation_scoring (to reduce circularity)
[2] [2026-07-29T12:30:34.196Z] Skipping opportunity generation for work type: validation_scoring (to reduce circularity)
[2] [2026-07-29T12:30:34.203Z] Skipping opportunity generation for work type: pattern_matching (to reduce circularity)
[2] [2026-07-29T12:30:34.210Z] Generated opportunity record for completed work: data_cleaning -> development
[2] [2026-07-29T12:30:34.218Z] Generated opportunity record for completed work: validation_scoring -> bounty
[2] [2026-07-29T12:30:34.224Z] Skipping opportunity generation for work type: data_cleaning (to reduce circularity)
[2] [2026-07-29T12:30:34.224Z] Work cycle completed. Verified work: 7, Earned: $52.50
[3] [2026-07-29T12:30:49.243Z] Skipping opportunity generation for work type: data_processing (to reduce circularity)
[3] [2026-07-29T12:30:49.244Z] Work cycle completed. Earned: $15 for data_processing
[1] [2026-07-29T12:30:49.430Z] Skipping opportunity generation for work type: hash_verification (to reduce circularity)
[1] [2026-07-29T12:30:49.524Z] Skipping opportunity generation for work type: signature_validation (to reduce circularity)
[1] [2026-07-29T12:30:49.726Z] Generated opportunity record for completed work: signature_validation -> bounty
[1] [2026-07-29T12:30:49.805Z] Skipping opportunity generation for work type: signature_validation (to reduce circularity)
[1] [2026-07-29T12:30:49.944Z] Skipping opportunity generation for work type: signature_validation (to reduce circularity)
[1] [2026-07-29T12:30:49.983Z] Work cycle completed. Verified work: 5, Earned: $45.00
[2] [2026-07-29T12:31:19.188Z] Skipping opportunity generation for work type: validation_scoring (to reduce circularity)
[2] [2026-07-29T12:31:19.196Z] Skipping opportunity generation for work type: pattern_matching (to reduce circularity)
[2] [2026-07-29T12:31:19.203Z] Generated opportunity record for completed work: pattern_matching -> puzzle
[2] [2026-07-29T12:31:19.211Z] Generated opportunity record for completed work: data_classification -> contest
[2] [2026-07-29T12:31:19.218Z] Skipping opportunity generation for work type: data_cleaning (to reduce circularity)
[2] [2026-07-29T12:31:19.225Z] Generated opportunity record for completed work: trend_analysis -> bounty
[2] [2026-07-29T12:31:19.232Z] Generated opportunity record for completed work: data_cleaning -> data_engineering
[2] [2026-07-29T12:31:19.232Z] Work cycle completed. Verified work: 7, Earned: $52.50
[1] [2026-07-29T12:31:19.442Z] Skipping opportunity generation for work type: hash_verification (to reduce circularity)
[1] [2026-07-29T12:31:19.463Z] Work cycle completed. Verified work: 1, Earned: $9.00
[3] [2026-07-29T12:31:49.243Z] Skipping opportunity generation for work type: optimization (to reduce circularity)
[3] [2026-07-29T12:31:49.243Z] Work cycle completed. Earned: $15 for optimization
[1] [2026-07-29T12:31:49.624Z] Skipping opportunity generation for work type: signature_validation (to reduce circularity)
[1] [2026-07-29T12:31:49.624Z] Skipping opportunity generation for work type: hash_verification (to reduce circularity)
[1] [2026-07-29T12:31:49.624Z] Skipping opportunity generation for work type: hash_verification (to reduce circularity)
[1] [2026-07-29T12:31:49.646Z] Work cycle completed. Verified work: 3, Earned: $27.00
[2] [2026-07-30T05:58:16.944Z] Generated opportunity record for completed work: pattern_matching -> contest
[2] [2026-07-30T05:58:16.944Z] Work cycle completed. Verified work: 1, Earned: $7.50
[1] [2026-07-30T05:58:16.944Z] Generated opportunity record for completed work: hash_verification -> bounty
[3] [2026-07-30T05:58:16.957Z] Skipping opportunity generation for work type: optimization (to reduce circularity)
[3] [2026-07-30T05:58:16.957Z] Work cycle completed. Earned: $15 for optimization
[1] [2026-07-30T05:58:17.007Z] Skipping opportunity generation for work type: signature_validation (to reduce circularity)
[1] [2026-07-30T05:58:17.028Z] Work cycle completed. Verified work: 2, Earned: $18.00
[1] [2026-07-30T05:58:47.119Z] Skipping opportunity generation for work type: signature_validation (to reduce circularity)
[1] [2026-07-30T05:58:47.119Z] Skipping opportunity generation for work type: hash_verification (to reduce circularity)
[1] [2026-07-30T05:58:47.142Z] Work cycle completed. Verified work: 2, Earned: $18.00
[2] [2026-07-30T05:59:01.931Z] Skipping opportunity generation for work type: pattern_matching (to reduce circularity)
[2] [2026-07-30T05:59:01.941Z] Generated opportunity record for completed work: validation_scoring -> contest
[2] [2026-07-30T05:59:01.950Z] Generated opportunity record for completed work: validation_scoring -> bounty
[2] [2026-07-30T05:59:01.960Z] Skipping opportunity generation for work type: validation_scoring (to reduce circularity)
[2] [2026-07-30T05:59:01.968Z] Skipping opportunity generation for work type: pattern_matching (to reduce circularity)
[2] [2026-07-30T05:59:01.975Z] Skipping opportunity generation for work type: data_cleaning (to reduce circularity)
[2] [2026-07-30T05:59:01.975Z] Work cycle completed. Verified work: 6, Earned: $45.00
[3] [2026-07-30T05:59:19.026Z] Generated opportunity record for completed work: verification -> quality_assurance
[3] [2026-07-30T05:59:19.027Z] Work cycle completed. Earned: $15 for verification
[1] [2026-07-30T05:59:19.186Z] Skipping opportunity generation for work type: signature_validation (to reduce circularity)
[1] [2026-07-30T05:59:19.212Z] Work cycle completed. Verified work: 1, Earned: $9.00
[2] [2026-07-30T05:59:46.944Z] Generated opportunity record for completed work: pattern_matching -> research
[2] [2026-07-30T05:59:46.952Z] Generated opportunity record for completed work: data_classification -> contest
[2] [2026-07-30T05:59:46.962Z] Generated opportunity record for completed work: data_classification -> contest
[2] [2026-07-30T05:59:46.971Z] Generated opportunity record for completed work: data_classification -> contest
[2] [2026-07-30T05:59:46.980Z] Skipping opportunity generation for work type: data_classification (to reduce circularity)
[2] [2026-07-30T05:59:46.991Z] Skipping opportunity generation for work type: validation_scoring (to reduce circularity)
[2] [2026-07-30T05:59:46.991Z] Work cycle completed. Verified work: 6, Earned: $45.00
[1] [2026-07-30T05:59:49.205Z] Skipping opportunity generation for work type: signature_validation (to reduce circularity)
[1] [2026-07-30T05:59:49.390Z] Generated opportunity record for completed work: signature_validation -> bounty
[1] [2026-07-30T05:59:49.390Z] Skipping opportunity generation for work type: hash_verification (to reduce circularity)
[1] [2026-07-30T05:59:49.390Z] Generated opportunity record for completed work: hash_verification -> grant
[1] [2026-07-30T05:59:49.454Z] Work cycle completed. Verified work: 4, Earned: $36.00
[3] [2026-07-30T06:00:16.983Z] Skipping opportunity generation for work type: pattern_recognition (to reduce circularity)
[3] [2026-07-30T06:00:16.983Z] Work cycle completed. Earned: $15 for pattern_recognition
[1] [2026-07-30T06:00:19.107Z] Skipping opportunity generation for work type: signature_validation (to reduce circularity)
[1] [2026-07-30T06:00:19.126Z] Work cycle completed. Verified work: 1, Earned: $9.00
[2] [2026-07-30T06:00:31.935Z] Skipping opportunity generation for work type: trend_analysis (to reduce circularity)
[2] [2026-07-30T06:00:31.942Z] Skipping opportunity generation for work type: trend_analysis (to reduce circularity)
[2] [2026-07-30T06:00:31.950Z] Generated opportunity record for completed work: data_classification -> grant
[2] [2026-07-30T06:00:31.951Z] Work cycle completed. Verified work: 3, Earned: $22.50
[1] [2026-07-30T06:00:49.050Z] Skipping opportunity generation for work type: hash_verification (to reduce circularity)
[1] [2026-07-30T06:00:49.143Z] Skipping opportunity generation for work type: signature_validation (to reduce circularity)
[1] [2026-07-30T06:00:49.237Z] Generated opportunity record for completed work: signature_validation -> bounty
[1] [2026-07-30T06:00:49.237Z] Generated opportunity record for completed work: hash_verification -> contest
[1] [2026-07-30T06:00:49.281Z] Work cycle completed. Verified work: 4, Earned: $36.00
[2] [2026-07-30T06:01:16.937Z] Skipping opportunity generation for work type: validation_scoring (to reduce circularity)
[2] [2026-07-30T06:01:16.945Z] Skipping opportunity generation for work type: validation_scoring (to reduce circularity)
[2] [2026-07-30T06:01:16.953Z] Generated opportunity record for completed work: data_cleaning -> freelance
[2] [2026-07-30T06:01:16.961Z] Skipping opportunity generation for work type: trend_analysis (to reduce circularity)
[2] [2026-07-30T06:01:16.967Z] Skipping opportunity generation for work type: data_classification (to reduce circularity)
[2] [2026-07-30T06:01:16.977Z] Generated opportunity record for completed work: validation_scoring -> quality_assurance
[2] [2026-07-30T06:01:16.977Z] Work cycle completed. Verified work: 6, Earned: $45.00
[3] [2026-07-30T06:01:16.985Z] Skipping opportunity generation for work type: verification (to reduce circularity)
[3] [2026-07-30T06:01:16.985Z] Work cycle completed. Earned: $15 for verification
[1] [2026-07-30T06:01:19.058Z] Skipping opportunity generation for work type: hash_verification (to reduce circularity)
[1] [2026-07-30T06:01:19.065Z] Work cycle completed. Verified work: 1, Earned: $9.00
[1] [2026-07-30T06:01:49.198Z] Generated opportunity record for completed work: signature_validation -> development
[1] [2026-07-30T06:01:49.215Z] Work cycle completed. Verified work: 1, Earned: $9.00
[2] [2026-07-30T06:02:01.952Z] Skipping opportunity generation for work type: validation_scoring (to reduce circularity)
[2] [2026-07-30T06:02:01.966Z] Generated opportunity record for completed work: data_cleaning -> development
[2] [2026-07-30T06:02:01.975Z] Generated opportunity record for completed work: trend_analysis -> bounty
[2] [2026-07-30T06:02:01.985Z] Generated opportunity record for completed work: data_cleaning -> freelance
[2] [2026-07-30T06:02:01.993Z] Skipping opportunity generation for work type: pattern_matching (to reduce circularity)
[2] [2026-07-30T06:02:02.000Z] Generated opportunity record for completed work: pattern_matching -> contest
[2] [2026-07-30T06:02:02.000Z] Work cycle completed. Verified work: 6, Earned: $45.00
[2] [2026-07-30T06:02:46.956Z] Skipping opportunity generation for work type: data_cleaning (to reduce circularity)
[2] [2026-07-30T06:02:46.966Z] Generated opportunity record for completed work: data_cleaning -> data_engineering
[2] [2026-07-30T06:02:46.974Z] Skipping opportunity generation for work type: trend_analysis (to reduce circularity)
[2] [2026-07-30T06:02:46.984Z] Skipping opportunity generation for work type: pattern_matching (to reduce circularity)
[2] [2026-07-30T06:02:46.984Z] Work cycle completed. Verified work: 4, Earned: $30.00
[1] [2026-07-30T06:02:49.083Z] Generated opportunity record for completed work: hash_verification -> grant
[1] [2026-07-30T06:02:49.100Z] Work cycle completed. Verified work: 1, Earned: $9.00
[1] [2026-07-30T06:03:19.091Z] Generated opportunity record for completed work: hash_verification -> bounty
[1] [2026-07-30T06:03:19.091Z] Skipping opportunity generation for work type: hash_verification (to reduce circularity)
[1] [2026-07-30T06:03:19.091Z] Generated opportunity record for completed work: hash_verification -> grant
[1] [2026-07-30T06:03:19.092Z] Skipping opportunity generation for work type: hash_verification (to reduce circularity)
[1] [2026-07-30T06:03:19.136Z] Work cycle completed. Verified work: 4, Earned: $36.00
[2] [2026-07-30T06:03:31.967Z] Skipping opportunity generation for work type: pattern_matching (to reduce circularity)
[2] [2026-07-30T06:03:31.979Z] Generated opportunity record for completed work: validation_scoring -> bounty
[2] [2026-07-30T06:03:31.987Z] Skipping opportunity generation for work type: validation_scoring (to reduce circularity)
[2] [2026-07-30T06:03:31.996Z] Skipping opportunity generation for work type: validation_scoring (to reduce circularity)
[2] [2026-07-30T06:03:32.005Z] Skipping opportunity generation for work type: data_classification (to reduce circularity)
[2] [2026-07-30T06:03:32.013Z] Skipping opportunity generation for work type: data_classification (to reduce circularity)
[2] [2026-07-30T06:03:32.028Z] Generated opportunity record for completed work: data_classification -> contest
[2] [2026-07-30T06:03:32.038Z] Skipping opportunity generation for work type: validation_scoring (to reduce circularity)
[2] [2026-07-30T06:03:32.038Z] Work cycle completed. Verified work: 8, Earned: $60.00
[1] [2026-07-30T06:03:49.305Z] Generated opportunity record for completed work: signature_validation -> development
[1] [2026-07-30T06:03:49.444Z] Skipping opportunity generation for work type: signature_validation (to reduce circularity)
[1] [2026-07-30T06:03:49.552Z] Skipping opportunity generation for work type: signature_validation (to reduce circularity)
[1] [2026-07-30T06:03:49.662Z] Skipping opportunity generation for work type: signature_validation (to reduce circularity)
[1] [2026-07-30T06:03:49.693Z] Work cycle completed. Verified work: 4, Earned: $36.00
::1 - - [30/Jul/2026:06:04:09 +0000] "GET /health HTTP/1.1" 200 101 "-" "curl/8.14.1"
[2] [2026-07-30T06:04:16.979Z] Skipping opportunity generation for work type: data_classification (to reduce circularity)
[2] [2026-07-30T06:04:16.979Z] Work cycle completed. Verified work: 1, Earned: $7.50
[3] [2026-07-30T06:04:17.015Z] Skipping opportunity generation for work type: pattern_recognition (to reduce circularity)
[3] [2026-07-30T06:04:17.015Z] Work cycle completed. Earned: $15 for pattern_recognition
[1] [2026-07-30T06:04:19.295Z] Skipping opportunity generation for work type: signature_validation (to reduce circularity)
[1] [2026-07-30T06:04:19.295Z] Skipping opportunity generation for work type: hash_verification (to reduce circularity)
[1] [2026-07-30T06:04:19.295Z] Skipping opportunity generation for work type: hash_verification (to reduce circularity)
[1] [2026-07-30T06:04:19.296Z] Skipping opportunity generation for work type: hash_verification (to reduce circularity)
[1] [2026-07-30T06:04:19.336Z] Work cycle completed. Verified work: 4, Earned: $36.00
[1] [2026-07-30T06:04:49.110Z] Generated opportunity record for completed work: hash_verification -> contest
[1] [2026-07-30T06:04:49.125Z] Work cycle completed. Verified work: 1, Earned: $9.00
[2] [2026-07-30T06:05:01.993Z] Skipping opportunity generation for work type: trend_analysis (to reduce circularity)
[2] [2026-07-30T06:05:02.024Z] Skipping opportunity generation for work type: validation_scoring (to reduce circularity)
[2] [2026-07-30T06:05:02.049Z] Generated opportunity record for completed work: validation_scoring -> contest
[2] [2026-07-30T06:05:02.063Z] Skipping opportunity generation for work type: pattern_matching (to reduce circularity)
[2] [2026-07-30T06:05:02.075Z] Skipping opportunity generation for work type: validation_scoring (to reduce circularity)
[2] [2026-07-30T06:05:02.086Z] Skipping opportunity generation for work type: validation_scoring (to reduce circularity)
[2] [2026-07-30T06:05:02.086Z] Work cycle completed. Verified work: 6, Earned: $45.00
[3] [2026-07-30T06:05:17.026Z] Skipping opportunity generation for work type: pattern_recognition (to reduce circularity)
[3] [2026-07-30T06:05:17.026Z] Work cycle completed. Earned: $15 for pattern_recognition
[1] [2026-07-30T06:05:19.257Z] Skipping opportunity generation for work type: signature_validation (to reduce circularity)
[1] [2026-07-30T06:05:19.276Z] Work cycle completed. Verified work: 1, Earned: $9.00
[2] [2026-07-30T06:05:46.994Z] Skipping opportunity generation for work type: data_cleaning (to reduce circularity)
[2] [2026-07-30T06:05:47.002Z] Generated opportunity record for completed work: data_classification -> grant
[2] [2026-07-30T06:05:47.010Z] Skipping opportunity generation for work type: trend_analysis (to reduce circularity)
[2] [2026-07-30T06:05:47.019Z] Generated opportunity record for completed work: data_cleaning -> development
[2] [2026-07-30T06:05:47.027Z] Skipping opportunity generation for work type: pattern_matching (to reduce circularity)
[2] [2026-07-30T06:05:47.027Z] Work cycle completed. Verified work: 5, Earned: $37.50
[1] [2026-07-30T06:05:49.327Z] Skipping opportunity generation for work type: signature_validation (to reduce circularity)
[1] [2026-07-30T06:05:49.404Z] Generated opportunity record for completed work: signature_validation -> development
[1] [2026-07-30T06:05:49.427Z] Work cycle completed. Verified work: 2, Earned: $18.00
[3] [2026-07-30T06:06:17.046Z] Generated opportunity record for completed work: data_processing -> freelance
[3] [2026-07-30T06:06:17.046Z] Work cycle completed. Earned: $15 for data_processing
[2] [2026-07-30T06:06:31.999Z] Skipping opportunity generation for work type: validation_scoring (to reduce circularity)
[2] [2026-07-30T06:06:32.008Z] Skipping opportunity generation for work type: data_cleaning (to reduce circularity)
[2] [2026-07-30T06:06:32.018Z] Skipping opportunity generation for work type: data_classification (to reduce circularity)
[2] [2026-07-30T06:06:32.028Z] Generated opportunity record for completed work: data_cleaning -> data_engineering
[2] [2026-07-30T06:06:32.036Z] Generated opportunity record for completed work: data_classification -> contest
[2] [2026-07-30T06:06:32.044Z] Skipping opportunity generation for work type: trend_analysis (to reduce circularity)
[2] [2026-07-30T06:06:32.044Z] Work cycle completed. Verified work: 6, Earned: $45.00
[2] [2026-07-30T06:07:17.017Z] Skipping opportunity generation for work type: data_classification (to reduce circularity)
[2] [2026-07-30T06:07:17.030Z] Skipping opportunity generation for work type: pattern_matching (to reduce circularity)
[2] [2026-07-30T06:07:17.031Z] Work cycle completed. Verified work: 2, Earned: $15.00
[3] [2026-07-30T06:07:17.041Z] Skipping opportunity generation for work type: data_processing (to reduce circularity)
[3] [2026-07-30T06:07:17.041Z] Work cycle completed. Earned: $15 for data_processing
[1] [2026-07-30T06:07:19.150Z] Generated opportunity record for completed work: hash_verification -> bounty
[1] [2026-07-30T06:07:19.237Z] Skipping opportunity generation for work type: signature_validation (to reduce circularity)
[1] [2026-07-30T06:07:19.237Z] Skipping opportunity generation for work type: hash_verification (to reduce circularity)
[1] [2026-07-30T06:07:19.296Z] Work cycle completed. Verified work: 3, Earned: $27.00
[1] [2026-07-30T06:07:49.244Z] Skipping opportunity generation for work type: signature_validation (to reduce circularity)
[1] [2026-07-30T06:07:49.255Z] Work cycle completed. Verified work: 1, Earned: $9.00
[2] [2026-07-30T06:08:02.030Z] Generated opportunity record for completed work: data_cleaning -> freelance
[2] [2026-07-30T06:08:02.044Z] Skipping opportunity generation for work type: pattern_matching (to reduce circularity)
[2] [2026-07-30T06:08:02.055Z] Skipping opportunity generation for work type: data_cleaning (to reduce circularity)
[2] [2026-07-30T06:08:02.055Z] Work cycle completed. Verified work: 3, Earned: $22.50
[3] [2026-07-30T06:08:17.048Z] Skipping opportunity generation for work type: verification (to reduce circularity)
[3] [2026-07-30T06:08:17.048Z] Work cycle completed. Earned: $15 for verification
[1] [2026-07-30T06:08:19.162Z] Skipping opportunity generation for work type: hash_verification (to reduce circularity)
[1] [2026-07-30T06:08:19.162Z] Skipping opportunity generation for work type: hash_verification (to reduce circularity)
[1] [2026-07-30T06:08:19.162Z] Skipping opportunity generation for work type: hash_verification (to reduce circularity)
[1] [2026-07-30T06:08:19.186Z] Work cycle completed. Verified work: 3, Earned: $27.00
[2] [2026-07-30T06:08:47.039Z] Skipping opportunity generation for work type: data_cleaning (to reduce circularity)
[2] [2026-07-30T06:08:47.052Z] Skipping opportunity generation for work type: pattern_matching (to reduce circularity)
[2] [2026-07-30T06:08:47.053Z] Work cycle completed. Verified work: 2, Earned: $15.00
[1] [2026-07-30T06:08:49.316Z] Skipping opportunity generation for work type: signature_validation (to reduce circularity)
[1] [2026-07-30T06:08:49.325Z] Work cycle completed. Verified work: 1, Earned: $9.00
[3] [2026-07-30T06:09:17.080Z] Generated opportunity record for completed work: verification -> security_audit
[3] [2026-07-30T06:09:17.080Z] Work cycle completed. Earned: $15 for verification
[1] [2026-07-30T06:09:19.363Z] Skipping opportunity generation for work type: signature_validation (to reduce circularity)
[1] [2026-07-30T06:09:19.370Z] Work cycle completed. Verified work: 1, Earned: $9.00
::1 - - [30/Jul/2026:06:09:29 +0000] "GET /api HTTP/1.1" 404 27 "-" "Mozilla/5.0 (Windows NT 10.0; Win64; x64) AppleWebKit/537.36 (KHTML, like Gecko) Code/1.130.0 Chrome/148.0.7778.280 Electron/42.6.0 Safari/537.36"
::1 - - [30/Jul/2026:06:09:29 +0000] "GET /favicon.ico HTTP/1.1" 404 27 "-" "Mozilla/5.0 (Windows NT 10.0; Win64; x64) AppleWebKit/537.36 (KHTML, like Gecko) Code/1.130.0 Chrome/148.0.7778.280 Electron/42.6.0 Safari/537.36"
[2] [2026-07-30T06:09:32.041Z] Skipping opportunity generation for work type: data_classification (to reduce circularity)
[2] [2026-07-30T06:09:32.053Z] Skipping opportunity generation for work type: data_classification (to reduce circularity)
[2] [2026-07-30T06:09:32.063Z] Skipping opportunity generation for work type: data_classification (to reduce circularity)
[2] [2026-07-30T06:09:32.064Z] Work cycle completed. Verified work: 3, Earned: $22.50
[1] [2026-07-30T06:09:49.184Z] Skipping opportunity generation for work type: hash_verification (to reduce circularity)
[1] [2026-07-30T06:09:49.247Z] Skipping opportunity generation for work type: signature_validation (to reduce circularity)
[1] [2026-07-30T06:09:49.274Z] Work cycle completed. Verified work: 2, Earned: $18.00
[2] [2026-07-30T06:10:17.046Z] Skipping opportunity generation for work type: data_cleaning (to reduce circularity)
[2] [2026-07-30T06:10:17.056Z] Skipping opportunity generation for work type: data_classification (to reduce circularity)
[2] [2026-07-30T06:10:17.066Z] Generated opportunity record for completed work: data_classification -> contest
[2] [2026-07-30T06:10:17.075Z] Skipping opportunity generation for work type: validation_scoring (to reduce circularity)
[2] [2026-07-30T06:10:17.085Z] Generated opportunity record for completed work: trend_analysis -> airdrop
[2] [2026-07-30T06:10:17.085Z] Work cycle completed. Verified work: 5, Earned: $37.50
[3] [2026-07-30T06:10:17.093Z] Generated opportunity record for completed work: verification -> quality_assurance
[3] [2026-07-30T06:10:17.093Z] Work cycle completed. Earned: $15 for verification
[1] [2026-07-30T06:10:19.292Z] Generated opportunity record for completed work: signature_validation -> bounty
[1] [2026-07-30T06:10:19.304Z] Work cycle completed. Verified work: 1, Earned: $9.00
[1] [2026-07-30T06:10:49.270Z] Generated opportunity record for completed work: signature_validation -> bounty
[1] [2026-07-30T06:10:49.271Z] Skipping opportunity generation for work type: hash_verification (to reduce circularity)
[1] [2026-07-30T06:10:49.459Z] Generated opportunity record for completed work: signature_validation -> development
[1] [2026-07-30T06:10:49.537Z] Work cycle completed. Verified work: 3, Earned: $27.00
[2] [2026-07-30T06:11:02.053Z] Skipping opportunity generation for work type: data_classification (to reduce circularity)
[2] [2026-07-30T06:11:02.063Z] Skipping opportunity generation for work type: data_classification (to reduce circularity)
[2] [2026-07-30T06:11:02.072Z] Generated opportunity record for completed work: trend_analysis -> airdrop
[2] [2026-07-30T06:11:02.080Z] Generated opportunity record for completed work: data_cleaning -> development
[2] [2026-07-30T06:11:02.080Z] Work cycle completed. Verified work: 4, Earned: $30.00
[3] [2026-07-30T06:11:17.123Z] Generated opportunity record for completed work: verification -> security_audit
[3] [2026-07-30T06:11:17.123Z] Work cycle completed. Earned: $15 for verification
[1] [2026-07-30T06:11:19.370Z] Skipping opportunity generation for work type: signature_validation (to reduce circularity)
[1] [2026-07-30T06:11:19.464Z] Skipping opportunity generation for work type: signature_validation (to reduce circularity)
[1] [2026-07-30T06:11:19.635Z] Skipping opportunity generation for work type: signature_validation (to reduce circularity)
[1] [2026-07-30T06:11:19.706Z] Work cycle completed. Verified work: 3, Earned: $27.00
[2] [2026-07-30T06:11:47.058Z] Generated opportunity record for completed work: trend_analysis -> research
[2] [2026-07-30T06:11:47.065Z] Generated opportunity record for completed work: trend_analysis -> research
[2] [2026-07-30T06:11:47.066Z] Work cycle completed. Verified work: 2, Earned: $15.00
[1] [2026-07-30T06:11:49.291Z] Skipping opportunity generation for work type: signature_validation (to reduce circularity)
[1] [2026-07-30T06:11:49.314Z] Work cycle completed. Verified work: 1, Earned: $9.00
[3] [2026-07-30T06:12:17.111Z] Generated opportunity record for completed work: optimization -> challenge
[3] [2026-07-30T06:12:17.111Z] Work cycle completed. Earned: $15 for optimization
[1] [2026-07-30T06:12:19.213Z] Skipping opportunity generation for work type: hash_verification (to reduce circularity)
[1] [2026-07-30T06:12:19.338Z] Skipping opportunity generation for work type: signature_validation (to reduce circularity)
[1] [2026-07-30T06:12:19.338Z] Skipping opportunity generation for work type: hash_verification (to reduce circularity)
[1] [2026-07-30T06:12:19.479Z] Skipping opportunity generation for work type: signature_validation (to reduce circularity)
[1] [2026-07-30T06:12:19.520Z] Work cycle completed. Verified work: 4, Earned: $36.00
[2] [2026-07-30T06:12:32.070Z] Skipping opportunity generation for work type: trend_analysis (to reduce circularity)
[2] [2026-07-30T06:12:32.081Z] Skipping opportunity generation for work type: trend_analysis (to reduce circularity)
[2] [2026-07-30T06:12:32.094Z] Skipping opportunity generation for work type: validation_scoring (to reduce circularity)
[2] [2026-07-30T06:12:32.109Z] Generated opportunity record for completed work: data_classification -> contest
[2] [2026-07-30T06:12:32.109Z] Work cycle completed. Verified work: 4, Earned: $30.00
[1] [2026-07-30T06:12:49.225Z] Generated opportunity record for completed work: hash_verification -> contest
[1] [2026-07-30T06:12:49.318Z] Generated opportunity record for completed work: signature_validation -> grant
[1] [2026-07-30T06:12:49.363Z] Work cycle completed. Verified work: 2, Earned: $18.00
[2] [2026-07-30T06:13:17.079Z] Skipping opportunity generation for work type: pattern_matching (to reduce circularity)
[2] [2026-07-30T06:13:17.095Z] Skipping opportunity generation for work type: data_classification (to reduce circularity)
[2] [2026-07-30T06:13:17.106Z] Skipping opportunity generation for work type: trend_analysis (to reduce circularity)
[2] [2026-07-30T06:13:17.115Z] Skipping opportunity generation for work type: trend_analysis (to reduce circularity)
[2] [2026-07-30T06:13:17.123Z] Generated opportunity record for completed work: data_classification -> research
[2] [2026-07-30T06:13:17.134Z] Skipping opportunity generation for work type: trend_analysis (to reduce circularity)
[2] [2026-07-30T06:13:17.143Z] Skipping opportunity generation for work type: data_cleaning (to reduce circularity)
[2] [2026-07-30T06:13:17.143Z] Work cycle completed. Verified work: 7, Earned: $52.50
[3] [2026-07-30T06:13:17.154Z] Skipping opportunity generation for work type: optimization (to reduce circularity)
[3] [2026-07-30T06:13:17.154Z] Work cycle completed. Earned: $15 for optimization
[1] [2026-07-30T06:13:19.312Z] Skipping opportunity generation for work type: signature_validation (to reduce circularity)
[1] [2026-07-30T06:13:19.331Z] Work cycle completed. Verified work: 1, Earned: $9.00
[1] [2026-07-30T06:13:49.245Z] Skipping opportunity generation for work type: hash_verification (to reduce circularity)
[1] [2026-07-30T06:13:49.257Z] Work cycle completed. Verified work: 1, Earned: $9.00
[2] [2026-07-30T06:14:02.076Z] Skipping opportunity generation for work type: validation_scoring (to reduce circularity)
[2] [2026-07-30T06:14:02.085Z] Skipping opportunity generation for work type: trend_analysis (to reduce circularity)
[2] [2026-07-30T06:14:02.093Z] Skipping opportunity generation for work type: trend_analysis (to reduce circularity)
[2] [2026-07-30T06:14:02.100Z] Skipping opportunity generation for work type: trend_analysis (to reduce circularity)
[2] [2026-07-30T06:14:02.108Z] Skipping opportunity generation for work type: validation_scoring (to reduce circularity)
[2] [2026-07-30T06:14:02.116Z] Generated opportunity record for completed work: data_classification -> grant
[2] [2026-07-30T06:14:02.116Z] Work cycle completed. Verified work: 6, Earned: $45.00
[1] [2026-07-30T06:14:19.261Z] Skipping opportunity generation for work type: hash_verification (to reduce circularity)
[1] [2026-07-30T06:14:19.446Z] Generated opportunity record for completed work: signature_validation -> grant
[1] [2026-07-30T06:14:19.650Z] Generated opportunity record for completed work: signature_validation -> bounty
[1] [2026-07-30T06:14:19.722Z] Work cycle completed. Verified work: 3, Earned: $27.00
[2] [2026-07-30T06:14:47.089Z] Generated opportunity record for completed work: data_classification -> contest
[2] [2026-07-30T06:14:47.098Z] Generated opportunity record for completed work: data_classification -> contest
[2] [2026-07-30T06:14:47.108Z] Generated opportunity record for completed work: validation_scoring -> bounty
[2] [2026-07-30T06:14:47.117Z] Skipping opportunity generation for work type: trend_analysis (to reduce circularity)
[2] [2026-07-30T06:14:47.125Z] Skipping opportunity generation for work type: data_cleaning (to reduce circularity)
[2] [2026-07-30T06:14:47.134Z] Skipping opportunity generation for work type: data_cleaning (to reduce circularity)
[2] [2026-07-30T06:14:47.142Z] Generated opportunity record for completed work: validation_scoring -> bounty
[2] [2026-07-30T06:14:47.143Z] Work cycle completed. Verified work: 7, Earned: $52.50
[1] [2026-07-30T06:14:49.337Z] Skipping opportunity generation for work type: signature_validation (to reduce circularity)
[1] [2026-07-30T06:14:49.523Z] Skipping opportunity generation for work type: signature_validation (to reduce circularity)
[1] [2026-07-30T06:14:49.523Z] Generated opportunity record for completed work: hash_verification -> contest
[1] [2026-07-30T06:14:49.562Z] Work cycle completed. Verified work: 3, Earned: $27.00
[3] [2026-07-30T06:15:17.167Z] Generated opportunity record for completed work: verification -> security_audit
[3] [2026-07-30T06:15:17.167Z] Work cycle completed. Earned: $15 for verification
[1] [2026-07-30T06:15:19.368Z] Skipping opportunity generation for work type: signature_validation (to reduce circularity)
[1] [2026-07-30T06:15:19.377Z] Work cycle completed. Verified work: 1, Earned: $9.00
[2] [2026-07-30T06:15:32.092Z] Skipping opportunity generation for work type: trend_analysis (to reduce circularity)
[2] [2026-07-30T06:15:32.125Z] Generated opportunity record for completed work: data_classification -> research
[2] [2026-07-30T06:15:32.135Z] Skipping opportunity generation for work type: data_classification (to reduce circularity)
[2] [2026-07-30T06:15:32.135Z] Work cycle completed. Verified work: 3, Earned: $22.50
[1] [2026-07-30T06:15:49.298Z] Skipping opportunity generation for work type: hash_verification (to reduce circularity)
[1] [2026-07-30T06:15:49.423Z] Skipping opportunity generation for work type: signature_validation (to reduce circularity)
[1] [2026-07-30T06:15:49.423Z] Skipping opportunity generation for work type: hash_verification (to reduce circularity)
[1] [2026-07-30T06:15:49.577Z] Skipping opportunity generation for work type: signature_validation (to reduce circularity)
[1] [2026-07-30T06:15:49.623Z] Work cycle completed. Verified work: 4, Earned: $36.00
[2] [2026-07-30T06:16:17.134Z] Skipping opportunity generation for work type: trend_analysis (to reduce circularity)
[2] [2026-07-30T06:16:17.142Z] Skipping opportunity generation for work type: trend_analysis (to reduce circularity)
[2] [2026-07-30T06:16:17.151Z] Skipping opportunity generation for work type: validation_scoring (to reduce circularity)
[2] [2026-07-30T06:16:17.171Z] Skipping opportunity generation for work type: data_classification (to reduce circularity)
[2] [2026-07-30T06:16:17.201Z] Skipping opportunity generation for work type: data_classification (to reduce circularity)
[2] [2026-07-30T06:16:17.208Z] Skipping opportunity generation for work type: data_cleaning (to reduce circularity)
[2] [2026-07-30T06:16:17.208Z] Work cycle completed. Verified work: 6, Earned: $45.00
[3] [2026-07-30T06:16:17.247Z] Generated opportunity record for completed work: optimization -> optimization_challenge
[3] [2026-07-30T06:16:17.247Z] Work cycle completed. Earned: $15 for optimization
[1] [2026-07-30T06:16:49.501Z] Generated opportunity record for completed work: signature_validation -> grant
[1] [2026-07-30T06:16:49.514Z] Work cycle completed. Verified work: 1, Earned: $9.00
[2] [2026-07-30T06:17:02.157Z] Generated opportunity record for completed work: data_classification -> research
[2] [2026-07-30T06:17:02.179Z] Generated opportunity record for completed work: trend_analysis -> airdrop
[2] [2026-07-30T06:17:02.188Z] Skipping opportunity generation for work type: data_classification (to reduce circularity)
[2] [2026-07-30T06:17:02.197Z] Skipping opportunity generation for work type: data_classification (to reduce circularity)
[2] [2026-07-30T06:17:02.197Z] Work cycle completed. Verified work: 4, Earned: $30.00
[3] [2026-07-30T06:17:17.227Z] Skipping opportunity generation for work type: verification (to reduce circularity)
[3] [2026-07-30T06:17:17.227Z] Work cycle completed. Earned: $15 for verification
[2] [2026-07-30T06:17:47.124Z] Skipping opportunity generation for work type: data_classification (to reduce circularity)
[2] [2026-07-30T06:17:47.136Z] Generated opportunity record for completed work: trend_analysis -> research
[2] [2026-07-30T06:17:47.146Z] Skipping opportunity generation for work type: data_classification (to reduce circularity)
[2] [2026-07-30T06:17:47.155Z] Generated opportunity record for completed work: data_cleaning -> development
[2] [2026-07-30T06:17:47.163Z] Generated opportunity record for completed work: trend_analysis -> research
[2] [2026-07-30T06:17:47.172Z] Skipping opportunity generation for work type: data_classification (to reduce circularity)
[2] [2026-07-30T06:17:47.172Z] Work cycle completed. Verified work: 6, Earned: $45.00
[1] [2026-07-30T06:17:49.328Z] Skipping opportunity generation for work type: hash_verification (to reduce circularity)
[1] [2026-07-30T06:17:49.421Z] Skipping opportunity generation for work type: signature_validation (to reduce circularity)
[1] [2026-07-30T06:17:49.578Z] Skipping opportunity generation for work type: signature_validation (to reduce circularity)
[1] [2026-07-30T06:17:49.604Z] Work cycle completed. Verified work: 3, Earned: $27.00
[3] [2026-07-30T06:18:17.235Z] Skipping opportunity generation for work type: data_processing (to reduce circularity)
[3] [2026-07-30T06:18:17.235Z] Work cycle completed. Earned: $15 for data_processing
[2] [2026-07-30T06:18:32.122Z] Skipping opportunity generation for work type: data_cleaning (to reduce circularity)
[2] [2026-07-30T06:18:32.130Z] Skipping opportunity generation for work type: pattern_matching (to reduce circularity)
[2] [2026-07-30T06:18:32.141Z] Skipping opportunity generation for work type: validation_scoring (to reduce circularity)
[2] [2026-07-30T06:18:32.141Z] Work cycle completed. Verified work: 3, Earned: $22.50
[1] [2026-07-30T06:18:49.549Z] Skipping opportunity generation for work type: signature_validation (to reduce circularity)
[1] [2026-07-30T06:18:49.574Z] Work cycle completed. Verified work: 1, Earned: $9.00
[2] [2026-07-30T06:19:17.131Z] Skipping opportunity generation for work type: trend_analysis (to reduce circularity)
[2] [2026-07-30T06:19:17.140Z] Skipping opportunity generation for work type: data_classification (to reduce circularity)
[2] [2026-07-30T06:19:17.150Z] Skipping opportunity generation for work type: validation_scoring (to reduce circularity)
[2] [2026-07-30T06:19:17.214Z] Generated opportunity record for completed work: data_classification -> contest
[2] [2026-07-30T06:19:17.214Z] Work cycle completed. Verified work: 4, Earned: $30.00
[3] [2026-07-30T06:19:17.235Z] Generated opportunity record for completed work: optimization -> optimization_challenge
[3] [2026-07-30T06:19:17.236Z] Work cycle completed. Earned: $15 for optimization
[1] [2026-07-30T06:19:19.453Z] Generated opportunity record for completed work: signature_validation -> grant
[1] [2026-07-30T06:19:19.659Z] Skipping opportunity generation for work type: signature_validation (to reduce circularity)
[1] [2026-07-30T06:19:19.687Z] Work cycle completed. Verified work: 2, Earned: $18.00
[1] [2026-07-30T06:19:49.363Z] Generated opportunity record for completed work: hash_verification -> contest
[1] [2026-07-30T06:19:49.392Z] Work cycle completed. Verified work: 1, Earned: $9.00
[2] [2026-07-30T06:20:02.134Z] Skipping opportunity generation for work type: validation_scoring (to reduce circularity)
[2] [2026-07-30T06:20:02.145Z] Generated opportunity record for completed work: pattern_matching -> contest
[2] [2026-07-30T06:20:02.154Z] Skipping opportunity generation for work type: data_classification (to reduce circularity)
[2] [2026-07-30T06:20:02.155Z] Work cycle completed. Verified work: 3, Earned: $22.50
[3] [2026-07-30T06:20:17.257Z] Skipping opportunity generation for work type: optimization (to reduce circularity)
[3] [2026-07-30T06:20:17.257Z] Work cycle completed. Earned: $15 for optimization
[1] [2026-07-30T06:20:19.573Z] Skipping opportunity generation for work type: signature_validation (to reduce circularity)
[1] [2026-07-30T06:20:19.573Z] Skipping opportunity generation for work type: hash_verification (to reduce circularity)
[1] [2026-07-30T06:20:19.772Z] Generated opportunity record for completed work: signature_validation -> development
[1] [2026-07-30T06:20:19.810Z] Work cycle completed. Verified work: 3, Earned: $27.00
[2] [2026-07-30T06:20:47.156Z] Generated opportunity record for completed work: data_cleaning -> development
[2] [2026-07-30T06:20:47.170Z] Skipping opportunity generation for work type: validation_scoring (to reduce circularity)
[2] [2026-07-30T06:20:47.179Z] Generated opportunity record for completed work: pattern_matching -> contest
[2] [2026-07-30T06:20:47.179Z] Work cycle completed. Verified work: 3, Earned: $22.50
[1] [2026-07-30T06:20:49.506Z] Generated opportunity record for completed work: signature_validation -> development
[1] [2026-07-30T06:20:49.522Z] Work cycle completed. Verified work: 1, Earned: $9.00
[3] [2026-07-30T06:21:17.297Z] Skipping opportunity generation for work type: data_processing (to reduce circularity)
[3] [2026-07-30T06:21:17.297Z] Work cycle completed. Earned: $15 for data_processing
[1] [2026-07-30T06:21:19.570Z] Skipping opportunity generation for work type: signature_validation (to reduce circularity)
[1] [2026-07-30T06:21:19.580Z] Work cycle completed. Verified work: 1, Earned: $9.00
[2] [2026-07-30T06:21:32.153Z] Skipping opportunity generation for work type: data_cleaning (to reduce circularity)
[2] [2026-07-30T06:21:32.175Z] Skipping opportunity generation for work type: data_cleaning (to reduce circularity)
[2] [2026-07-30T06:21:32.184Z] Skipping opportunity generation for work type: pattern_matching (to reduce circularity)
[2] [2026-07-30T06:21:32.197Z] Skipping opportunity generation for work type: trend_analysis (to reduce circularity)
[2] [2026-07-30T06:21:32.210Z] Skipping opportunity generation for work type: validation_scoring (to reduce circularity)
[2] [2026-07-30T06:21:32.221Z] Skipping opportunity generation for work type: data_cleaning (to reduce circularity)
[2] [2026-07-30T06:21:32.240Z] Skipping opportunity generation for work type: data_classification (to reduce circularity)
[2] [2026-07-30T06:21:32.240Z] Work cycle completed. Verified work: 7, Earned: $52.50
[2] [2026-07-30T06:22:17.165Z] Skipping opportunity generation for work type: data_cleaning (to reduce circularity)
[2] [2026-07-30T06:22:17.174Z] Generated opportunity record for completed work: pattern_matching -> contest
[2] [2026-07-30T06:22:17.175Z] Work cycle completed. Verified work: 2, Earned: $15.00
[3] [2026-07-30T06:22:17.274Z] Generated opportunity record for completed work: pattern_recognition -> contest
[3] [2026-07-30T06:22:17.274Z] Work cycle completed. Earned: $15 for pattern_recognition
[1] [2026-07-30T06:22:19.399Z] Skipping opportunity generation for work type: hash_verification (to reduce circularity)
[1] [2026-07-30T06:22:19.399Z] Skipping opportunity generation for work type: hash_verification (to reduce circularity)
[1] [2026-07-30T06:22:19.423Z] Work cycle completed. Verified work: 2, Earned: $18.00
[1] [2026-07-30T06:22:49.410Z] Generated opportunity record for completed work: hash_verification -> contest
[1] [2026-07-30T06:22:49.426Z] Work cycle completed. Verified work: 1, Earned: $9.00
[2] [2026-07-30T06:23:02.183Z] Skipping opportunity generation for work type: data_cleaning (to reduce circularity)
[2] [2026-07-30T06:23:02.183Z] Work cycle completed. Verified work: 1, Earned: $7.50
[3] [2026-07-30T06:23:17.280Z] Generated opportunity record for completed work: pattern_recognition -> research
[3] [2026-07-30T06:23:17.280Z] Work cycle completed. Earned: $15 for pattern_recognition
[1] [2026-07-30T06:23:19.415Z] Skipping opportunity generation for work type: hash_verification (to reduce circularity)
[1] [2026-07-30T06:23:19.415Z] Skipping opportunity generation for work type: hash_verification (to reduce circularity)
[1] [2026-07-30T06:23:19.440Z] Work cycle completed. Verified work: 2, Earned: $18.00
[2] [2026-07-30T06:23:47.207Z] Skipping opportunity generation for work type: trend_analysis (to reduce circularity)
[2] [2026-07-30T06:23:47.222Z] Skipping opportunity generation for work type: data_cleaning (to reduce circularity)
[2] [2026-07-30T06:23:47.233Z] Generated opportunity record for completed work: trend_analysis -> bounty
[2] [2026-07-30T06:23:47.243Z] Generated opportunity record for completed work: validation_scoring -> contest
[2] [2026-07-30T06:23:47.251Z] Skipping opportunity generation for work type: data_classification (to reduce circularity)
[2] [2026-07-30T06:23:47.260Z] Skipping opportunity generation for work type: validation_scoring (to reduce circularity)
[2] [2026-07-30T06:23:47.270Z] Generated opportunity record for completed work: validation_scoring -> bounty
[2] [2026-07-30T06:23:47.278Z] Skipping opportunity generation for work type: data_classification (to reduce circularity)
[2] [2026-07-30T06:23:47.278Z] Work cycle completed. Verified work: 8, Earned: $60.00
[3] [2026-07-30T06:24:17.300Z] Skipping opportunity generation for work type: data_processing (to reduce circularity)
[3] [2026-07-30T06:24:17.300Z] Work cycle completed. Earned: $15 for data_processing
[2] [2026-07-30T06:24:32.196Z] Skipping opportunity generation for work type: data_classification (to reduce circularity)
[2] [2026-07-30T06:24:32.208Z] Generated opportunity record for completed work: data_cleaning -> data_engineering
[2] [2026-07-30T06:24:32.218Z] Skipping opportunity generation for work type: data_cleaning (to reduce circularity)
[2] [2026-07-30T06:24:32.229Z] Generated opportunity record for completed work: validation_scoring -> contest
[2] [2026-07-30T06:24:32.229Z] Work cycle completed. Verified work: 4, Earned: $30.00
[1] [2026-07-30T06:24:49.434Z] Skipping opportunity generation for work type: hash_verification (to reduce circularity)
[1] [2026-07-30T06:24:49.443Z] Work cycle completed. Verified work: 1, Earned: $9.00
[2] [2026-07-30T06:25:17.202Z] Skipping opportunity generation for work type: data_classification (to reduce circularity)
[2] [2026-07-30T06:25:17.218Z] Skipping opportunity generation for work type: validation_scoring (to reduce circularity)
[2] [2026-07-30T06:25:17.218Z] Work cycle completed. Verified work: 2, Earned: $15.00
[3] [2026-07-30T06:25:17.310Z] Generated opportunity record for completed work: verification -> quality_assurance
[3] [2026-07-30T06:25:17.310Z] Work cycle completed. Earned: $15 for verification
[1] [2026-07-30T06:25:19.446Z] Skipping opportunity generation for work type: hash_verification (to reduce circularity)
[1] [2026-07-30T06:25:19.455Z] Work cycle completed. Verified work: 1, Earned: $9.00
[1] [2026-07-30T06:25:49.608Z] Skipping opportunity generation for work type: signature_validation (to reduce circularity)
[1] [2026-07-30T06:25:49.620Z] Work cycle completed. Verified work: 1, Earned: $9.00
[2] [2026-07-30T06:26:02.206Z] Generated opportunity record for completed work: data_classification -> contest
[2] [2026-07-30T06:26:02.217Z] Skipping opportunity generation for work type: data_classification (to reduce circularity)
[2] [2026-07-30T06:26:02.227Z] Skipping opportunity generation for work type: validation_scoring (to reduce circularity)
[2] [2026-07-30T06:26:02.242Z] Skipping opportunity generation for work type: validation_scoring (to reduce circularity)
[2] [2026-07-30T06:26:02.251Z] Generated opportunity record for completed work: data_cleaning -> data_engineering
[2] [2026-07-30T06:26:02.251Z] Work cycle completed. Verified work: 5, Earned: $37.50
[3] [2026-07-30T06:26:17.316Z] Skipping opportunity generation for work type: data_processing (to reduce circularity)
[3] [2026-07-30T06:26:17.316Z] Work cycle completed. Earned: $15 for data_processing
[1] [2026-07-30T06:26:19.595Z] Skipping opportunity generation for work type: signature_validation (to reduce circularity)
[1] [2026-07-30T06:26:19.595Z] Skipping opportunity generation for work type: hash_verification (to reduce circularity)
[1] [2026-07-30T06:26:19.799Z] Generated opportunity record for completed work: signature_validation -> development
[1] [2026-07-30T06:26:19.924Z] Skipping opportunity generation for work type: signature_validation (to reduce circularity)
[1] [2026-07-30T06:26:19.990Z] Work cycle completed. Verified work: 4, Earned: $36.00
[2] [2026-07-30T06:26:47.238Z] Skipping opportunity generation for work type: trend_analysis (to reduce circularity)
[2] [2026-07-30T06:26:47.238Z] Work cycle completed. Verified work: 1, Earned: $7.50
[1] [2026-07-30T06:26:49.557Z] Skipping opportunity generation for work type: signature_validation (to reduce circularity)
[1] [2026-07-30T06:26:49.557Z] Generated opportunity record for completed work: hash_verification -> bounty
[1] [2026-07-30T06:26:49.557Z] Skipping opportunity generation for work type: hash_verification (to reduce circularity)
[1] [2026-07-30T06:26:49.621Z] Generated opportunity record for completed work: signature_validation -> development
[1] [2026-07-30T06:26:49.670Z] Work cycle completed. Verified work: 4, Earned: $36.00
[3] [2026-07-30T06:27:17.315Z] Skipping opportunity generation for work type: optimization (to reduce circularity)
[3] [2026-07-30T06:27:17.315Z] Work cycle completed. Earned: $15 for optimization
[1] [2026-07-30T06:27:19.470Z] Skipping opportunity generation for work type: hash_verification (to reduce circularity)
[1] [2026-07-30T06:27:19.470Z] Skipping opportunity generation for work type: hash_verification (to reduce circularity)
[1] [2026-07-30T06:27:19.515Z] Work cycle completed. Verified work: 2, Earned: $18.00
[2] [2026-07-30T06:27:32.270Z] Skipping opportunity generation for work type: pattern_matching (to reduce circularity)
[2] [2026-07-30T06:27:32.287Z] Skipping opportunity generation for work type: pattern_matching (to reduce circularity)
[2] [2026-07-30T06:27:32.299Z] Skipping opportunity generation for work type: pattern_matching (to reduce circularity)
[2] [2026-07-30T06:27:32.310Z] Skipping opportunity generation for work type: validation_scoring (to reduce circularity)
[2] [2026-07-30T06:27:32.320Z] Skipping opportunity generation for work type: validation_scoring (to reduce circularity)
[2] [2026-07-30T06:27:32.328Z] Generated opportunity record for completed work: validation_scoring -> quality_assurance
[2] [2026-07-30T06:27:32.328Z] Work cycle completed. Verified work: 6, Earned: $45.00
[1] [2026-07-30T06:27:49.679Z] Skipping opportunity generation for work type: signature_validation (to reduce circularity)
[1] [2026-07-30T06:27:49.693Z] Work cycle completed. Verified work: 1, Earned: $9.00
[2] [2026-07-30T06:28:17.234Z] Skipping opportunity generation for work type: data_classification (to reduce circularity)
[2] [2026-07-30T06:28:17.247Z] Skipping opportunity generation for work type: data_cleaning (to reduce circularity)
[2] [2026-07-30T06:28:17.247Z] Work cycle completed. Verified work: 2, Earned: $15.00
[3] [2026-07-30T06:28:17.344Z] Generated opportunity record for completed work: data_processing -> data_engineering
[3] [2026-07-30T06:28:17.344Z] Work cycle completed. Earned: $15 for data_processing
[1] [2026-07-30T06:28:19.491Z] Skipping opportunity generation for work type: hash_verification (to reduce circularity)
[1] [2026-07-30T06:28:19.501Z] Work cycle completed. Verified work: 1, Earned: $9.00
[1] [2026-07-30T06:28:49.642Z] Generated opportunity record for completed work: signature_validation -> development
[1] [2026-07-30T06:28:49.642Z] Skipping opportunity generation for work type: hash_verification (to reduce circularity)
[1] [2026-07-30T06:28:49.782Z] Skipping opportunity generation for work type: signature_validation (to reduce circularity)
[1] [2026-07-30T06:28:49.782Z] Skipping opportunity generation for work type: hash_verification (to reduce circularity)
[1] [2026-07-30T06:28:49.826Z] Work cycle completed. Verified work: 4, Earned: $36.00
[2] [2026-07-30T06:29:02.245Z] Skipping opportunity generation for work type: pattern_matching (to reduce circularity)
[2] [2026-07-30T06:29:02.254Z] Skipping opportunity generation for work type: data_classification (to reduce circularity)
[2] [2026-07-30T06:29:02.255Z] Work cycle completed. Verified work: 2, Earned: $15.00
[1] [2026-07-30T06:29:19.512Z] Generated opportunity record for completed work: hash_verification -> contest
[1] [2026-07-30T06:29:19.513Z] Generated opportunity record for completed work: hash_verification -> bounty
[1] [2026-07-30T06:29:19.575Z] Work cycle completed. Verified work: 2, Earned: $18.00
[2] [2026-07-30T06:29:47.251Z] Skipping opportunity generation for work type: data_cleaning (to reduce circularity)
[2] [2026-07-30T06:29:47.264Z] Generated opportunity record for completed work: data_classification -> grant
[2] [2026-07-30T06:29:47.279Z] Generated opportunity record for completed work: data_classification -> research
[2] [2026-07-30T06:29:47.290Z] Skipping opportunity generation for work type: trend_analysis (to reduce circularity)
[2] [2026-07-30T06:29:47.299Z] Generated opportunity record for completed work: data_cleaning -> data_engineering
[2] [2026-07-30T06:29:47.299Z] Work cycle completed. Verified work: 5, Earned: $37.50
[3] [2026-07-30T06:30:17.369Z] Generated opportunity record for completed work: pattern_recognition -> puzzle
[3] [2026-07-30T06:30:17.369Z] Work cycle completed. Earned: $15 for pattern_recognition
[1] [2026-07-30T06:30:19.700Z] Skipping opportunity generation for work type: signature_validation (to reduce circularity)
[1] [2026-07-30T06:30:19.711Z] Work cycle completed. Verified work: 1, Earned: $9.00
[2] [2026-07-30T06:30:32.257Z] Skipping opportunity generation for work type: validation_scoring (to reduce circularity)
[2] [2026-07-30T06:30:32.266Z] Skipping opportunity generation for work type: pattern_matching (to reduce circularity)
[2] [2026-07-30T06:30:32.277Z] Skipping opportunity generation for work type: pattern_matching (to reduce circularity)
[2] [2026-07-30T06:30:32.289Z] Skipping opportunity generation for work type: data_cleaning (to reduce circularity)
[2] [2026-07-30T06:30:32.289Z] Work cycle completed. Verified work: 4, Earned: $30.00
[1] [2026-07-30T06:30:49.540Z] Skipping opportunity generation for work type: hash_verification (to reduce circularity)
[1] [2026-07-30T06:30:49.540Z] Skipping opportunity generation for work type: hash_verification (to reduce circularity)
[1] [2026-07-30T06:30:49.695Z] Generated opportunity record for completed work: signature_validation -> development
[1] [2026-07-30T06:30:49.696Z] Skipping opportunity generation for work type: hash_verification (to reduce circularity)
[1] [2026-07-30T06:30:49.736Z] Work cycle completed. Verified work: 4, Earned: $36.00
[2] [2026-07-30T06:31:17.261Z] Skipping opportunity generation for work type: validation_scoring (to reduce circularity)
[2] [2026-07-30T06:31:17.261Z] Work cycle completed. Verified work: 1, Earned: $7.50
[3] [2026-07-30T06:31:17.352Z] Generated opportunity record for completed work: pattern_recognition -> puzzle
[3] [2026-07-30T06:31:17.352Z] Work cycle completed. Earned: $15 for pattern_recognition
[1] [2026-07-30T06:31:19.685Z] Skipping opportunity generation for work type: signature_validation (to reduce circularity)
[1] [2026-07-30T06:31:19.747Z] Work cycle completed. Verified work: 1, Earned: $9.00
[1] [2026-07-30T06:31:49.545Z] Generated opportunity record for completed work: hash_verification -> contest
[1] [2026-07-30T06:31:49.546Z] Generated opportunity record for completed work: hash_verification -> grant
[1] [2026-07-30T06:31:49.639Z] Generated opportunity record for completed work: signature_validation -> grant
[1] [2026-07-30T06:31:49.668Z] Work cycle completed. Verified work: 3, Earned: $27.00
[2] [2026-07-30T06:32:02.271Z] Skipping opportunity generation for work type: trend_analysis (to reduce circularity)
[2] [2026-07-30T06:32:02.282Z] Generated opportunity record for completed work: pattern_matching -> puzzle
[2] [2026-07-30T06:32:02.349Z] Generated opportunity record for completed work: validation_scoring -> quality_assurance
[2] [2026-07-30T06:32:02.362Z] Skipping opportunity generation for work type: data_classification (to reduce circularity)
[2] [2026-07-30T06:32:02.372Z] Generated opportunity record for completed work: validation_scoring -> bounty
[2] [2026-07-30T06:32:02.387Z] Generated opportunity record for completed work: data_cleaning -> freelance
[2] [2026-07-30T06:32:02.395Z] Skipping opportunity generation for work type: data_cleaning (to reduce circularity)
[2] [2026-07-30T06:32:02.407Z] Skipping opportunity generation for work type: data_classification (to reduce circularity)
[2] [2026-07-30T06:32:02.407Z] Work cycle completed. Verified work: 8, Earned: $60.00
[3] [2026-07-30T06:32:17.356Z] Skipping opportunity generation for work type: pattern_recognition (to reduce circularity)
[3] [2026-07-30T06:32:17.356Z] Work cycle completed. Earned: $15 for pattern_recognition
[1] [2026-07-30T06:32:19.670Z] Generated opportunity record for completed work: signature_validation -> bounty
[1] [2026-07-30T06:32:19.671Z] Skipping opportunity generation for work type: hash_verification (to reduce circularity)
[1] [2026-07-30T06:32:19.671Z] Generated opportunity record for completed work: hash_verification -> grant
[1] [2026-07-30T06:32:19.714Z] Work cycle completed. Verified work: 3, Earned: $27.00
[2] [2026-07-30T06:32:47.279Z] Skipping opportunity generation for work type: data_cleaning (to reduce circularity)
[2] [2026-07-30T06:32:47.290Z] Generated opportunity record for completed work: pattern_matching -> puzzle
[2] [2026-07-30T06:32:47.299Z] Skipping opportunity generation for work type: data_cleaning (to reduce circularity)
[2] [2026-07-30T06:32:47.308Z] Skipping opportunity generation for work type: validation_scoring (to reduce circularity)
[2] [2026-07-30T06:32:47.308Z] Work cycle completed. Verified work: 4, Earned: $30.00
[3] [2026-07-30T06:33:17.388Z] Generated opportunity record for completed work: pattern_recognition -> puzzle
[3] [2026-07-30T06:33:17.389Z] Work cycle completed. Earned: $15 for pattern_recognition
[2] [2026-07-30T06:33:32.293Z] Generated opportunity record for completed work: pattern_matching -> puzzle
[2] [2026-07-30T06:33:32.305Z] Skipping opportunity generation for work type: data_cleaning (to reduce circularity)
[2] [2026-07-30T06:33:32.315Z] Skipping opportunity generation for work type: data_cleaning (to reduce circularity)
[2] [2026-07-30T06:33:32.326Z] Skipping opportunity generation for work type: data_cleaning (to reduce circularity)
[2] [2026-07-30T06:33:32.326Z] Work cycle completed. Verified work: 4, Earned: $30.00
[1] [2026-07-30T06:33:49.650Z] Generated opportunity record for completed work: signature_validation -> bounty
[1] [2026-07-30T06:33:49.661Z] Work cycle completed. Verified work: 1, Earned: $9.00
[2] [2026-07-30T06:34:17.298Z] Skipping opportunity generation for work type: trend_analysis (to reduce circularity)
[2] [2026-07-30T06:34:17.307Z] Skipping opportunity generation for work type: data_cleaning (to reduce circularity)
[2] [2026-07-30T06:34:17.319Z] Skipping opportunity generation for work type: trend_analysis (to reduce circularity)
[2] [2026-07-30T06:34:17.327Z] Generated opportunity record for completed work: pattern_matching -> puzzle
[2] [2026-07-30T06:34:17.336Z] Generated opportunity record for completed work: data_cleaning -> data_engineering
[2] [2026-07-30T06:34:17.345Z] Skipping opportunity generation for work type: trend_analysis (to reduce circularity)
[2] [2026-07-30T06:34:17.345Z] Work cycle completed. Verified work: 6, Earned: $45.00
[3] [2026-07-30T06:34:17.359Z] Skipping opportunity generation for work type: data_processing (to reduce circularity)
[3] [2026-07-30T06:34:17.359Z] Work cycle completed. Earned: $15 for data_processing
[1] [2026-07-30T06:34:19.567Z] Skipping opportunity generation for work type: hash_verification (to reduce circularity)
[1] [2026-07-30T06:34:19.626Z] Skipping opportunity generation for work type: signature_validation (to reduce circularity)
[1] [2026-07-30T06:34:19.644Z] Work cycle completed. Verified work: 2, Earned: $18.00
[1] [2026-07-30T06:34:49.765Z] Generated opportunity record for completed work: signature_validation -> development
[1] [2026-07-30T06:34:49.891Z] Skipping opportunity generation for work type: signature_validation (to reduce circularity)
[1] [2026-07-30T06:34:50.073Z] Generated opportunity record for completed work: signature_validation -> bounty
[1] [2026-07-30T06:34:50.073Z] Skipping opportunity generation for work type: hash_verification (to reduce circularity)
[1] [2026-07-30T06:34:50.116Z] Work cycle completed. Verified work: 4, Earned: $36.00
[2] [2026-07-30T06:35:02.308Z] Generated opportunity record for completed work: validation_scoring -> bounty
[2] [2026-07-30T06:35:02.320Z] Skipping opportunity generation for work type: validation_scoring (to reduce circularity)
[2] [2026-07-30T06:35:02.332Z] Skipping opportunity generation for work type: trend_analysis (to reduce circularity)
[2] [2026-07-30T06:35:02.332Z] Work cycle completed. Verified work: 3, Earned: $22.50
[3] [2026-07-30T06:35:17.358Z] Generated opportunity record for completed work: optimization -> bounty
[3] [2026-07-30T06:35:17.358Z] Work cycle completed. Earned: $15 for optimization
[1] [2026-07-30T06:35:19.714Z] Skipping opportunity generation for work type: signature_validation (to reduce circularity)
[1] [2026-07-30T06:35:19.882Z] Skipping opportunity generation for work type: signature_validation (to reduce circularity)
[1] [2026-07-30T06:35:19.937Z] Work cycle completed. Verified work: 2, Earned: $18.00
[2] [2026-07-30T06:35:47.302Z] Generated opportunity record for completed work: validation_scoring -> quality_assurance
[2] [2026-07-30T06:35:47.302Z] Work cycle completed. Verified work: 1, Earned: $7.50
[1] [2026-07-30T06:35:49.604Z] Skipping opportunity generation for work type: hash_verification (to reduce circularity)
[1] [2026-07-30T06:35:49.604Z] Skipping opportunity generation for work type: hash_verification (to reduce circularity)
[1] [2026-07-30T06:35:49.639Z] Work cycle completed. Verified work: 2, Earned: $18.00
[3] [2026-07-30T06:36:17.364Z] Skipping opportunity generation for work type: optimization (to reduce circularity)
[3] [2026-07-30T06:36:17.364Z] Work cycle completed. Earned: $15 for optimization
[1] [2026-07-30T06:36:19.608Z] Skipping opportunity generation for work type: hash_verification (to reduce circularity)
[1] [2026-07-30T06:36:19.608Z] Skipping opportunity generation for work type: hash_verification (to reduce circularity)
[1] [2026-07-30T06:36:19.766Z] Skipping opportunity generation for work type: signature_validation (to reduce circularity)
[1] [2026-07-30T06:36:19.766Z] Skipping opportunity generation for work type: hash_verification (to reduce circularity)
[1] [2026-07-30T06:36:19.807Z] Work cycle completed. Verified work: 4, Earned: $36.00
[2] [2026-07-30T06:36:32.312Z] Generated opportunity record for completed work: data_classification -> research
[2] [2026-07-30T06:36:32.312Z] Work cycle completed. Verified work: 1, Earned: $7.50
[1] [2026-07-30T06:36:49.613Z] Generated opportunity record for completed work: hash_verification -> grant
[1] [2026-07-30T06:36:50.328Z] Skipping opportunity generation for work type: hash_verification (to reduce circularity)
[1] [2026-07-30T06:36:50.364Z] Work cycle completed. Verified work: 2, Earned: $18.00
[2] [2026-07-30T06:37:17.318Z] Skipping opportunity generation for work type: pattern_matching (to reduce circularity)
[2] [2026-07-30T06:37:17.318Z] Work cycle completed. Verified work: 1, Earned: $7.50
[3] [2026-07-30T06:37:17.364Z] Skipping opportunity generation for work type: verification (to reduce circularity)
[3] [2026-07-30T06:37:17.364Z] Work cycle completed. Earned: $15 for verification
[1] [2026-07-30T06:37:19.680Z] Generated opportunity record for completed work: signature_validation -> bounty
[1] [2026-07-30T06:37:19.758Z] Generated opportunity record for completed work: signature_validation -> development
[1] [2026-07-30T06:37:19.831Z] Work cycle completed. Verified work: 2, Earned: $18.00
[1] [2026-07-30T06:37:49.630Z] Skipping opportunity generation for work type: hash_verification (to reduce circularity)
[1] [2026-07-30T06:37:49.642Z] Work cycle completed. Verified work: 1, Earned: $9.00
[2] [2026-07-30T06:38:02.354Z] Skipping opportunity generation for work type: validation_scoring (to reduce circularity)
[2] [2026-07-30T06:38:02.354Z] Work cycle completed. Verified work: 1, Earned: $7.50
[3] [2026-07-30T06:38:17.398Z] Skipping opportunity generation for work type: data_processing (to reduce circularity)
[3] [2026-07-30T06:38:17.399Z] Work cycle completed. Earned: $15 for data_processing
[1] [2026-07-30T06:38:19.638Z] Skipping opportunity generation for work type: hash_verification (to reduce circularity)
[1] [2026-07-30T06:38:19.744Z] Work cycle completed. Verified work: 1, Earned: $9.00
[2] [2026-07-30T06:38:47.357Z] Generated opportunity record for completed work: trend_analysis -> airdrop
[2] [2026-07-30T06:38:47.369Z] Generated opportunity record for completed work: trend_analysis -> research
[2] [2026-07-30T06:38:47.382Z] Skipping opportunity generation for work type: data_cleaning (to reduce circularity)
[2] [2026-07-30T06:38:47.394Z] Generated opportunity record for completed work: data_classification -> research
[2] [2026-07-30T06:38:47.404Z] Skipping opportunity generation for work type: validation_scoring (to reduce circularity)
[2] [2026-07-30T06:38:47.413Z] Skipping opportunity generation for work type: pattern_matching (to reduce circularity)
[2] [2026-07-30T06:38:47.464Z] Generated opportunity record for completed work: validation_scoring -> quality_assurance
[2] [2026-07-30T06:38:47.464Z] Work cycle completed. Verified work: 7, Earned: $52.50
[1] [2026-07-30T06:38:49.651Z] Generated opportunity record for completed work: hash_verification -> grant
[1] [2026-07-30T06:38:49.673Z] Work cycle completed. Verified work: 1, Earned: $9.00
[3] [2026-07-30T06:39:17.419Z] Skipping opportunity generation for work type: data_processing (to reduce circularity)
[3] [2026-07-30T06:39:17.419Z] Work cycle completed. Earned: $15 for data_processing
[1] [2026-07-30T06:39:19.659Z] Skipping opportunity generation for work type: hash_verification (to reduce circularity)
[1] [2026-07-30T06:39:19.721Z] Skipping opportunity generation for work type: signature_validation (to reduce circularity)
[1] [2026-07-30T06:39:19.721Z] Skipping opportunity generation for work type: hash_verification (to reduce circularity)
[1] [2026-07-30T06:39:19.754Z] Work cycle completed. Verified work: 3, Earned: $27.00
[2] [2026-07-30T06:39:32.350Z] Generated opportunity record for completed work: pattern_matching -> puzzle
[2] [2026-07-30T06:39:32.361Z] Generated opportunity record for completed work: data_cleaning -> data_engineering
[2] [2026-07-30T06:39:32.361Z] Work cycle completed. Verified work: 2, Earned: $15.00
[1] [2026-07-30T06:39:49.837Z] Generated opportunity record for completed work: signature_validation -> development
[1] [2026-07-30T06:39:49.837Z] Skipping opportunity generation for work type: hash_verification (to reduce circularity)
[1] [2026-07-30T06:39:49.930Z] Generated opportunity record for completed work: signature_validation -> development
[1] [2026-07-30T06:39:49.930Z] Skipping opportunity generation for work type: hash_verification (to reduce circularity)
[1] [2026-07-30T06:39:49.930Z] Skipping opportunity generation for work type: hash_verification (to reduce circularity)
[1] [2026-07-30T06:39:49.985Z] Work cycle completed. Verified work: 5, Earned: $45.00
[2] [2026-07-30T06:40:17.352Z] Skipping opportunity generation for work type: data_cleaning (to reduce circularity)
[2] [2026-07-30T06:40:17.361Z] Skipping opportunity generation for work type: trend_analysis (to reduce circularity)
[2] [2026-07-30T06:40:17.372Z] Generated opportunity record for completed work: data_classification -> grant
[2] [2026-07-30T06:40:17.382Z] Skipping opportunity generation for work type: pattern_matching (to reduce circularity)
[2] [2026-07-30T06:40:17.391Z] Skipping opportunity generation for work type: data_classification (to reduce circularity)
[2] [2026-07-30T06:40:17.407Z] Generated opportunity record for completed work: pattern_matching -> research
[2] [2026-07-30T06:40:17.417Z] Skipping opportunity generation for work type: pattern_matching (to reduce circularity)
[2] [2026-07-30T06:40:17.427Z] Skipping opportunity generation for work type: data_cleaning (to reduce circularity)
[2] [2026-07-30T06:40:17.427Z] Work cycle completed. Verified work: 8, Earned: $60.00
[3] [2026-07-30T06:40:17.439Z] Generated opportunity record for completed work: data_processing -> freelance
[3] [2026-07-30T06:40:17.439Z] Work cycle completed. Earned: $15 for data_processing
[1] [2026-07-30T06:40:19.669Z] Generated opportunity record for completed work: hash_verification -> bounty
[1] [2026-07-30T06:40:19.746Z] Skipping opportunity generation for work type: signature_validation (to reduce circularity)
[1] [2026-07-30T06:40:19.765Z] Work cycle completed. Verified work: 2, Earned: $18.00
[1] [2026-07-30T06:40:49.741Z] Skipping opportunity generation for work type: signature_validation (to reduce circularity)
[1] [2026-07-30T06:40:49.749Z] Work cycle completed. Verified work: 1, Earned: $9.00
[2] [2026-07-30T06:41:02.364Z] Skipping opportunity generation for work type: validation_scoring (to reduce circularity)
[2] [2026-07-30T06:41:02.378Z] Skipping opportunity generation for work type: data_classification (to reduce circularity)
[2] [2026-07-30T06:41:02.390Z] Skipping opportunity generation for work type: data_cleaning (to reduce circularity)
[2] [2026-07-30T06:41:02.403Z] Generated opportunity record for completed work: validation_scoring -> bounty
[2] [2026-07-30T06:41:02.419Z] Skipping opportunity generation for work type: validation_scoring (to reduce circularity)
[2] [2026-07-30T06:41:02.431Z] Skipping opportunity generation for work type: pattern_matching (to reduce circularity)
[2] [2026-07-30T06:41:02.443Z] Skipping opportunity generation for work type: data_classification (to reduce circularity)
[2] [2026-07-30T06:41:02.454Z] Generated opportunity record for completed work: data_classification -> contest
[2] [2026-07-30T06:41:02.455Z] Work cycle completed. Verified work: 8, Earned: $60.00
[3] [2026-07-30T06:41:17.456Z] Skipping opportunity generation for work type: optimization (to reduce circularity)
[3] [2026-07-30T06:41:17.456Z] Work cycle completed. Earned: $15 for optimization
[2] [2026-07-30T06:41:47.380Z] Skipping opportunity generation for work type: data_classification (to reduce circularity)
[2] [2026-07-30T06:41:47.391Z] Generated opportunity record for completed work: data_classification -> contest
[2] [2026-07-30T06:41:47.391Z] Work cycle completed. Verified work: 2, Earned: $15.00
[1] [2026-07-30T06:41:49.694Z] Skipping opportunity generation for work type: hash_verification (to reduce circularity)
[1] [2026-07-30T06:41:49.694Z] Skipping opportunity generation for work type: hash_verification (to reduce circularity)
[1] [2026-07-30T06:41:49.694Z] Skipping opportunity generation for work type: hash_verification (to reduce circularity)
[1] [2026-07-30T06:41:49.724Z] Work cycle completed. Verified work: 3, Earned: $27.00
[3] [2026-07-30T06:42:17.465Z] Skipping opportunity generation for work type: data_processing (to reduce circularity)
[3] [2026-07-30T06:42:17.465Z] Work cycle completed. Earned: $15 for data_processing
[1] [2026-07-30T06:42:19.778Z] Skipping opportunity generation for work type: signature_validation (to reduce circularity)
[1] [2026-07-30T06:42:19.782Z] Generated opportunity record for completed work: hash_verification -> contest
[1] [2026-07-30T06:42:19.856Z] Skipping opportunity generation for work type: signature_validation (to reduce circularity)
[1] [2026-07-30T06:42:19.856Z] Skipping opportunity generation for work type: hash_verification (to reduce circularity)
[1] [2026-07-30T06:42:20.026Z] Skipping opportunity generation for work type: signature_validation (to reduce circularity)
[1] [2026-07-30T06:42:20.078Z] Work cycle completed. Verified work: 5, Earned: $45.00
[2] [2026-07-30T06:42:32.383Z] Skipping opportunity generation for work type: data_cleaning (to reduce circularity)
[2] [2026-07-30T06:42:32.397Z] Skipping opportunity generation for work type: trend_analysis (to reduce circularity)
[2] [2026-07-30T06:42:32.397Z] Work cycle completed. Verified work: 2, Earned: $15.00
[1] [2026-07-30T06:42:49.706Z] Skipping opportunity generation for work type: hash_verification (to reduce circularity)
[1] [2026-07-30T06:42:49.716Z] Work cycle completed. Verified work: 1, Earned: $9.00
[2] [2026-07-30T06:43:17.388Z] Skipping opportunity generation for work type: validation_scoring (to reduce circularity)
[2] [2026-07-30T06:43:17.397Z] Generated opportunity record for completed work: data_classification -> contest
[2] [2026-07-30T06:43:17.407Z] Skipping opportunity generation for work type: validation_scoring (to reduce circularity)
[2] [2026-07-30T06:43:17.408Z] Work cycle completed. Verified work: 3, Earned: $22.50
[3] [2026-07-30T06:43:17.468Z] Skipping opportunity generation for work type: data_processing (to reduce circularity)
[3] [2026-07-30T06:43:17.469Z] Work cycle completed. Earned: $15 for data_processing
[1] [2026-07-30T06:43:19.803Z] Generated opportunity record for completed work: signature_validation -> bounty
[1] [2026-07-30T06:43:19.803Z] Generated opportunity record for completed work: hash_verification -> grant
[1] [2026-07-30T06:43:19.824Z] Work cycle completed. Verified work: 2, Earned: $18.00
[1] [2026-07-30T06:43:49.720Z] Skipping opportunity generation for work type: hash_verification (to reduce circularity)
[1] [2026-07-30T06:43:49.730Z] Work cycle completed. Verified work: 1, Earned: $9.00
[2] [2026-07-30T06:44:02.396Z] Skipping opportunity generation for work type: trend_analysis (to reduce circularity)
[2] [2026-07-30T06:44:02.409Z] Generated opportunity record for completed work: data_classification -> grant
[2] [2026-07-30T06:44:02.419Z] Skipping opportunity generation for work type: trend_analysis (to reduce circularity)
[2] [2026-07-30T06:44:02.429Z] Skipping opportunity generation for work type: validation_scoring (to reduce circularity)
[2] [2026-07-30T06:44:02.430Z] Work cycle completed. Verified work: 4, Earned: $30.00
[3] [2026-07-30T06:44:17.469Z] Generated opportunity record for completed work: optimization -> challenge
[3] [2026-07-30T06:44:17.469Z] Work cycle completed. Earned: $15 for optimization
[2] [2026-07-30T06:44:47.406Z] Skipping opportunity generation for work type: pattern_matching (to reduce circularity)
[2] [2026-07-30T06:44:47.427Z] Skipping opportunity generation for work type: data_cleaning (to reduce circularity)
[2] [2026-07-30T06:44:47.439Z] Skipping opportunity generation for work type: validation_scoring (to reduce circularity)
[2] [2026-07-30T06:44:47.450Z] Skipping opportunity generation for work type: validation_scoring (to reduce circularity)
[2] [2026-07-30T06:44:47.459Z] Skipping opportunity generation for work type: data_cleaning (to reduce circularity)
[2] [2026-07-30T06:44:47.459Z] Work cycle completed. Verified work: 5, Earned: $37.50
[1] [2026-07-30T06:44:49.735Z] Skipping opportunity generation for work type: hash_verification (to reduce circularity)
[1] [2026-07-30T06:44:49.843Z] Skipping opportunity generation for work type: signature_validation (to reduce circularity)
[1] [2026-07-30T06:44:49.982Z] Skipping opportunity generation for work type: signature_validation (to reduce circularity)
[1] [2026-07-30T06:44:50.010Z] Work cycle completed. Verified work: 3, Earned: $27.00
[3] [2026-07-30T06:45:17.474Z] Skipping opportunity generation for work type: pattern_recognition (to reduce circularity)
[3] [2026-07-30T06:45:17.474Z] Work cycle completed. Earned: $15 for pattern_recognition
[1] [2026-07-30T06:45:19.841Z] Skipping opportunity generation for work type: signature_validation (to reduce circularity)
[1] [2026-07-30T06:45:19.841Z] Generated opportunity record for completed work: hash_verification -> bounty
[1] [2026-07-30T06:45:19.841Z] Skipping opportunity generation for work type: hash_verification (to reduce circularity)
[1] [2026-07-30T06:45:19.870Z] Work cycle completed. Verified work: 3, Earned: $27.00
[2] [2026-07-30T06:45:32.408Z] Skipping opportunity generation for work type: validation_scoring (to reduce circularity)
[2] [2026-07-30T06:45:32.419Z] Skipping opportunity generation for work type: data_cleaning (to reduce circularity)
[2] [2026-07-30T06:45:32.419Z] Work cycle completed. Verified work: 2, Earned: $15.00
[1] [2026-07-30T06:45:49.883Z] Skipping opportunity generation for work type: signature_validation (to reduce circularity)
[1] [2026-07-30T06:45:49.884Z] Generated opportunity record for completed work: hash_verification -> bounty
[1] [2026-07-30T06:45:50.084Z] Skipping opportunity generation for work type: signature_validation (to reduce circularity)
[1] [2026-07-30T06:45:50.117Z] Work cycle completed. Verified work: 3, Earned: $27.00
[2] [2026-07-30T06:46:17.421Z] Skipping opportunity generation for work type: pattern_matching (to reduce circularity)
[2] [2026-07-30T06:46:17.431Z] Generated opportunity record for completed work: data_cleaning -> development
[2] [2026-07-30T06:46:17.442Z] Generated opportunity record for completed work: data_classification -> research
[2] [2026-07-30T06:46:17.453Z] Skipping opportunity generation for work type: trend_analysis (to reduce circularity)
[2] [2026-07-30T06:46:17.463Z] Skipping opportunity generation for work type: validation_scoring (to reduce circularity)
[2] [2026-07-30T06:46:17.473Z] Skipping opportunity generation for work type: trend_analysis (to reduce circularity)
[2] [2026-07-30T06:46:17.484Z] Skipping opportunity generation for work type: validation_scoring (to reduce circularity)
[2] [2026-07-30T06:46:17.484Z] Work cycle completed. Verified work: 7, Earned: $52.50
[3] [2026-07-30T06:46:17.501Z] Skipping opportunity generation for work type: optimization (to reduce circularity)
[3] [2026-07-30T06:46:17.501Z] Work cycle completed. Earned: $15 for optimization
[1] [2026-07-30T06:46:19.767Z] Skipping opportunity generation for work type: hash_verification (to reduce circularity)
[1] [2026-07-30T06:46:19.776Z] Work cycle completed. Verified work: 1, Earned: $9.00
[1] [2026-07-30T06:46:49.954Z] Generated opportunity record for completed work: signature_validation -> grant
[1] [2026-07-30T06:46:50.033Z] Generated opportunity record for completed work: signature_validation -> bounty
[1] [2026-07-30T06:46:50.033Z] Generated opportunity record for completed work: hash_verification -> contest
[1] [2026-07-30T06:46:50.063Z] Work cycle completed. Verified work: 3, Earned: $27.00
[2] [2026-07-30T06:47:02.428Z] Skipping opportunity generation for work type: pattern_matching (to reduce circularity)
[2] [2026-07-30T06:47:02.439Z] Generated opportunity record for completed work: validation_scoring -> quality_assurance
[2] [2026-07-30T06:47:02.449Z] Generated opportunity record for completed work: trend_analysis -> airdrop
[2] [2026-07-30T06:47:02.459Z] Skipping opportunity generation for work type: validation_scoring (to reduce circularity)
[2] [2026-07-30T06:47:02.480Z] Skipping opportunity generation for work type: trend_analysis (to reduce circularity)
[2] [2026-07-30T06:47:02.480Z] Work cycle completed. Verified work: 5, Earned: $37.50
[3] [2026-07-30T06:47:17.501Z] Skipping opportunity generation for work type: verification (to reduce circularity)
[3] [2026-07-30T06:47:17.501Z] Work cycle completed. Earned: $15 for verification
[1] [2026-07-30T06:47:19.773Z] Skipping opportunity generation for work type: hash_verification (to reduce circularity)
[1] [2026-07-30T06:47:19.835Z] Skipping opportunity generation for work type: signature_validation (to reduce circularity)
[1] [2026-07-30T06:47:19.835Z] Skipping opportunity generation for work type: hash_verification (to reduce circularity)
[1] [2026-07-30T06:47:19.887Z] Work cycle completed. Verified work: 3, Earned: $27.00
[2] [2026-07-30T06:47:47.478Z] Generated opportunity record for completed work: validation_scoring -> bounty
[2] [2026-07-30T06:47:47.502Z] Generated opportunity record for completed work: validation_scoring -> bounty
[2] [2026-07-30T06:47:47.515Z] Skipping opportunity generation for work type: pattern_matching (to reduce circularity)
[2] [2026-07-30T06:47:47.542Z] Skipping opportunity generation for work type: data_classification (to reduce circularity)
[2] [2026-07-30T06:47:47.553Z] Skipping opportunity generation for work type: data_cleaning (to reduce circularity)
[2] [2026-07-30T06:47:47.609Z] Generated opportunity record for completed work: data_classification -> grant
[2] [2026-07-30T06:47:47.623Z] Skipping opportunity generation for work type: pattern_matching (to reduce circularity)
[2] [2026-07-30T06:47:47.634Z] Skipping opportunity generation for work type: trend_analysis (to reduce circularity)
[2] [2026-07-30T06:47:47.635Z] Work cycle completed. Verified work: 8, Earned: $60.00
[1] [2026-07-30T06:47:49.893Z] Skipping opportunity generation for work type: signature_validation (to reduce circularity)
[1] [2026-07-30T06:47:49.971Z] Skipping opportunity generation for work type: signature_validation (to reduce circularity)
[1] [2026-07-30T06:47:50.059Z] Work cycle completed. Verified work: 2, Earned: $18.00
[3] [2026-07-30T06:48:17.557Z] Skipping opportunity generation for work type: verification (to reduce circularity)
[3] [2026-07-30T06:48:17.558Z] Work cycle completed. Earned: $15 for verification
[1] [2026-07-30T06:48:19.903Z] Generated opportunity record for completed work: signature_validation -> bounty
[1] [2026-07-30T06:48:19.903Z] Skipping opportunity generation for work type: hash_verification (to reduce circularity)
[1] [2026-07-30T06:48:19.922Z] Work cycle completed. Verified work: 2, Earned: $18.00
[2] [2026-07-30T06:48:32.470Z] Skipping opportunity generation for work type: pattern_matching (to reduce circularity)
[2] [2026-07-30T06:48:32.505Z] Skipping opportunity generation for work type: pattern_matching (to reduce circularity)
[2] [2026-07-30T06:48:32.533Z] Skipping opportunity generation for work type: trend_analysis (to reduce circularity)
[2] [2026-07-30T06:48:32.551Z] Skipping opportunity generation for work type: data_cleaning (to reduce circularity)
[2] [2026-07-30T06:48:32.562Z] Skipping opportunity generation for work type: pattern_matching (to reduce circularity)
[2] [2026-07-30T06:48:32.572Z] Skipping opportunity generation for work type: pattern_matching (to reduce circularity)
[2] [2026-07-30T06:48:32.583Z] Skipping opportunity generation for work type: trend_analysis (to reduce circularity)
[2] [2026-07-30T06:48:32.583Z] Work cycle completed. Verified work: 7, Earned: $52.50
[2] [2026-07-30T06:49:17.512Z] Skipping opportunity generation for work type: validation_scoring (to reduce circularity)
[2] [2026-07-30T06:49:17.524Z] Generated opportunity record for completed work: data_classification -> contest
[2] [2026-07-30T06:49:17.543Z] Skipping opportunity generation for work type: validation_scoring (to reduce circularity)
[2] [2026-07-30T06:49:17.552Z] Generated opportunity record for completed work: data_cleaning -> data_engineering
[2] [2026-07-30T06:49:17.561Z] Generated opportunity record for completed work: pattern_matching -> contest
[2] [2026-07-30T06:49:17.571Z] Generated opportunity record for completed work: pattern_matching -> contest
[2] [2026-07-30T06:49:17.571Z] Work cycle completed. Verified work: 6, Earned: $45.00
[3] [2026-07-30T06:49:17.580Z] Skipping opportunity generation for work type: pattern_recognition (to reduce circularity)
[3] [2026-07-30T06:49:17.580Z] Work cycle completed. Earned: $15 for pattern_recognition
[1] [2026-07-30T06:49:19.920Z] Skipping opportunity generation for work type: signature_validation (to reduce circularity)
[1] [2026-07-30T06:49:19.920Z] Skipping opportunity generation for work type: hash_verification (to reduce circularity)
[1] [2026-07-30T06:49:20.030Z] Skipping opportunity generation for work type: signature_validation (to reduce circularity)
[1] [2026-07-30T06:49:20.062Z] Work cycle completed. Verified work: 3, Earned: $27.00
[1] [2026-07-30T06:49:49.836Z] Skipping opportunity generation for work type: hash_verification (to reduce circularity)
[1] [2026-07-30T06:49:49.958Z] Skipping opportunity generation for work type: signature_validation (to reduce circularity)
[1] [2026-07-30T06:49:50.009Z] Work cycle completed. Verified work: 2, Earned: $18.00
[2] [2026-07-30T06:50:02.480Z] Generated opportunity record for completed work: data_cleaning -> data_engineering
[2] [2026-07-30T06:50:02.480Z] Work cycle completed. Verified work: 1, Earned: $7.50
[3] [2026-07-30T06:50:17.586Z] Generated opportunity record for completed work: pattern_recognition -> puzzle
[3] [2026-07-30T06:50:17.586Z] Work cycle completed. Earned: $15 for pattern_recognition
[1] [2026-07-30T06:50:19.869Z] Skipping opportunity generation for work type: hash_verification (to reduce circularity)
[1] [2026-07-30T06:50:19.898Z] Work cycle completed. Verified work: 1, Earned: $9.00
[2] [2026-07-30T06:50:47.499Z] Generated opportunity record for completed work: data_cleaning -> development
[2] [2026-07-30T06:50:47.512Z] Generated opportunity record for completed work: validation_scoring -> quality_assurance
[2] [2026-07-30T06:50:47.524Z] Skipping opportunity generation for work type: data_cleaning (to reduce circularity)
[2] [2026-07-30T06:50:47.536Z] Skipping opportunity generation for work type: pattern_matching (to reduce circularity)
[2] [2026-07-30T06:50:47.545Z] Skipping opportunity generation for work type: data_classification (to reduce circularity)
[2] [2026-07-30T06:50:47.545Z] Work cycle completed. Verified work: 5, Earned: $37.50
[1] [2026-07-30T06:50:49.976Z] Generated opportunity record for completed work: signature_validation -> grant
[1] [2026-07-30T06:50:50.101Z] Skipping opportunity generation for work type: signature_validation (to reduce circularity)
[1] [2026-07-30T06:50:50.156Z] Work cycle completed. Verified work: 2, Earned: $18.00
[3] [2026-07-30T06:51:17.648Z] Generated opportunity record for completed work: pattern_recognition -> contest
[3] [2026-07-30T06:51:17.648Z] Work cycle completed. Earned: $15 for pattern_recognition
[1] [2026-07-30T06:51:20.021Z] Generated opportunity record for completed work: signature_validation -> bounty
[1] [2026-07-30T06:51:20.073Z] Work cycle completed. Verified work: 1, Earned: $9.00
[2] [2026-07-30T06:51:32.484Z] Skipping opportunity generation for work type: data_cleaning (to reduce circularity)
[2] [2026-07-30T06:51:32.495Z] Generated opportunity record for completed work: data_classification -> grant
[2] [2026-07-30T06:51:32.506Z] Skipping opportunity generation for work type: validation_scoring (to reduce circularity)
[2] [2026-07-30T06:51:32.516Z] Generated opportunity record for completed work: data_classification -> research
[2] [2026-07-30T06:51:32.516Z] Work cycle completed. Verified work: 4, Earned: $30.00
[1] [2026-07-30T06:51:50.031Z] Skipping opportunity generation for work type: signature_validation (to reduce circularity)
[1] [2026-07-30T06:51:50.170Z] Generated opportunity record for completed work: signature_validation -> bounty
[1] [2026-07-30T06:51:50.206Z] Work cycle completed. Verified work: 2, Earned: $18.00
[2] [2026-07-30T06:52:17.508Z] Skipping opportunity generation for work type: pattern_matching (to reduce circularity)
[2] [2026-07-30T06:52:17.521Z] Skipping opportunity generation for work type: pattern_matching (to reduce circularity)
[2] [2026-07-30T06:52:17.532Z] Skipping opportunity generation for work type: pattern_matching (to reduce circularity)
[2] [2026-07-30T06:52:17.542Z] Generated opportunity record for completed work: trend_analysis -> bounty
[2] [2026-07-30T06:52:17.557Z] Skipping opportunity generation for work type: pattern_matching (to reduce circularity)
[2] [2026-07-30T06:52:17.567Z] Skipping opportunity generation for work type: data_classification (to reduce circularity)
[2] [2026-07-30T06:52:17.576Z] Skipping opportunity generation for work type: trend_analysis (to reduce circularity)
[2] [2026-07-30T06:52:17.577Z] Work cycle completed. Verified work: 7, Earned: $52.50
[3] [2026-07-30T06:52:17.612Z] Skipping opportunity generation for work type: verification (to reduce circularity)
[3] [2026-07-30T06:52:17.612Z] Work cycle completed. Earned: $15 for verification
[1] [2026-07-30T06:52:20.112Z] Skipping opportunity generation for work type: signature_validation (to reduce circularity)
[1] [2026-07-30T06:52:20.113Z] Skipping opportunity generation for work type: hash_verification (to reduce circularity)
[1] [2026-07-30T06:52:20.114Z] Skipping opportunity generation for work type: hash_verification (to reduce circularity)
[1] [2026-07-30T06:52:20.226Z] Work cycle completed. Verified work: 3, Earned: $27.00
[2] [2026-07-30T06:53:02.498Z] Generated opportunity record for completed work: data_cleaning -> freelance
[2] [2026-07-30T06:53:02.508Z] Skipping opportunity generation for work type: pattern_matching (to reduce circularity)
[2] [2026-07-30T06:53:02.517Z] Generated opportunity record for completed work: data_classification -> grant
[2] [2026-07-30T06:53:02.528Z] Skipping opportunity generation for work type: data_classification (to reduce circularity)
[2] [2026-07-30T06:53:02.528Z] Work cycle completed. Verified work: 4, Earned: $30.00
[3] [2026-07-30T06:53:17.678Z] Skipping opportunity generation for work type: optimization (to reduce circularity)
[3] [2026-07-30T06:53:17.678Z] Work cycle completed. Earned: $15 for optimization
[1] [2026-07-30T06:53:19.920Z] Skipping opportunity generation for work type: hash_verification (to reduce circularity)
[1] [2026-07-30T06:53:20.028Z] Skipping opportunity generation for work type: signature_validation (to reduce circularity)
[1] [2026-07-30T06:53:20.105Z] Work cycle completed. Verified work: 2, Earned: $18.00
[2] [2026-07-30T06:53:47.519Z] Generated opportunity record for completed work: validation_scoring -> contest
[2] [2026-07-30T06:53:47.529Z] Skipping opportunity generation for work type: data_classification (to reduce circularity)
[2] [2026-07-30T06:53:47.529Z] Work cycle completed. Verified work: 2, Earned: $15.00
[1] [2026-07-30T06:53:50.001Z] Generated opportunity record for completed work: signature_validation -> grant
[1] [2026-07-30T06:53:50.003Z] Skipping opportunity generation for work type: hash_verification (to reduce circularity)
[1] [2026-07-30T06:53:50.112Z] Generated opportunity record for completed work: signature_validation -> bounty
[1] [2026-07-30T06:53:50.216Z] Work cycle completed. Verified work: 3, Earned: $27.00
[3] [2026-07-30T06:54:17.683Z] Generated opportunity record for completed work: optimization -> bounty
[3] [2026-07-30T06:54:17.683Z] Work cycle completed. Earned: $15 for optimization
[1] [2026-07-30T06:54:19.935Z] Generated opportunity record for completed work: hash_verification -> bounty
[1] [2026-07-30T06:54:19.936Z] Generated opportunity record for completed work: hash_verification -> bounty
[1] [2026-07-30T06:54:20.028Z] Skipping opportunity generation for work type: signature_validation (to reduce circularity)
[1] [2026-07-30T06:54:20.105Z] Work cycle completed. Verified work: 3, Earned: $27.00
[2] [2026-07-30T06:54:32.537Z] Generated opportunity record for completed work: data_cleaning -> freelance
[2] [2026-07-30T06:54:32.549Z] Generated opportunity record for completed work: data_cleaning -> data_engineering
[2] [2026-07-30T06:54:32.562Z] Skipping opportunity generation for work type: data_classification (to reduce circularity)
[2] [2026-07-30T06:54:32.575Z] Skipping opportunity generation for work type: data_classification (to reduce circularity)
[2] [2026-07-30T06:54:32.585Z] Skipping opportunity generation for work type: validation_scoring (to reduce circularity)
[2] [2026-07-30T06:54:32.586Z] Work cycle completed. Verified work: 5, Earned: $37.50
[1] [2026-07-30T06:54:50.090Z] Skipping opportunity generation for work type: signature_validation (to reduce circularity)
[1] [2026-07-30T06:54:50.106Z] Work cycle completed. Verified work: 1, Earned: $9.00
[2] [2026-07-30T06:55:17.557Z] Skipping opportunity generation for work type: trend_analysis (to reduce circularity)
[2] [2026-07-30T06:55:17.570Z] Generated opportunity record for completed work: data_classification -> grant
[2] [2026-07-30T06:55:17.580Z] Skipping opportunity generation for work type: data_classification (to reduce circularity)
[2] [2026-07-30T06:55:17.590Z] Skipping opportunity generation for work type: data_classification (to reduce circularity)
[2] [2026-07-30T06:55:17.600Z] Skipping opportunity generation for work type: data_classification (to reduce circularity)
[2] [2026-07-30T06:55:17.610Z] Skipping opportunity generation for work type: validation_scoring (to reduce circularity)
[2] [2026-07-30T06:55:17.620Z] Skipping opportunity generation for work type: validation_scoring (to reduce circularity)
[2] [2026-07-30T06:55:17.621Z] Work cycle completed. Verified work: 7, Earned: $52.50
[3] [2026-07-30T06:55:17.683Z] Skipping opportunity generation for work type: optimization (to reduce circularity)
[3] [2026-07-30T06:55:17.684Z] Work cycle completed. Earned: $15 for optimization
[1] [2026-07-30T06:55:20.015Z] Skipping opportunity generation for work type: signature_validation (to reduce circularity)
[1] [2026-07-30T06:55:20.016Z] Generated opportunity record for completed work: hash_verification -> bounty
[1] [2026-07-30T06:55:20.086Z] Work cycle completed. Verified work: 2, Earned: $18.00
[1] [2026-07-30T06:55:50.056Z] Skipping opportunity generation for work type: signature_validation (to reduce circularity)
[1] [2026-07-30T06:55:50.106Z] Work cycle completed. Verified work: 1, Earned: $9.00
[2] [2026-07-30T06:56:02.583Z] Skipping opportunity generation for work type: data_cleaning (to reduce circularity)
[2] [2026-07-30T06:56:02.624Z] Skipping opportunity generation for work type: trend_analysis (to reduce circularity)
[2] [2026-07-30T06:56:02.649Z] Skipping opportunity generation for work type: trend_analysis (to reduce circularity)
[2] [2026-07-30T06:56:02.674Z] Skipping opportunity generation for work type: validation_scoring (to reduce circularity)
[2] [2026-07-30T06:56:02.690Z] Skipping opportunity generation for work type: pattern_matching (to reduce circularity)
[2] [2026-07-30T06:56:02.702Z] Skipping opportunity generation for work type: pattern_matching (to reduce circularity)
[2] [2026-07-30T06:56:02.702Z] Work cycle completed. Verified work: 6, Earned: $45.00
[3] [2026-07-30T06:56:17.755Z] Skipping opportunity generation for work type: data_processing (to reduce circularity)
[3] [2026-07-30T06:56:17.755Z] Work cycle completed. Earned: $15 for data_processing
[1] [2026-07-30T06:56:20.124Z] Generated opportunity record for completed work: signature_validation -> grant
[1] [2026-07-30T06:56:20.306Z] Skipping opportunity generation for work type: signature_validation (to reduce circularity)
[1] [2026-07-30T06:56:20.342Z] Work cycle completed. Verified work: 2, Earned: $18.00
[2] [2026-07-30T06:56:47.603Z] Skipping opportunity generation for work type: data_classification (to reduce circularity)
[2] [2026-07-30T06:56:47.627Z] Skipping opportunity generation for work type: validation_scoring (to reduce circularity)
[2] [2026-07-30T06:56:47.641Z] Skipping opportunity generation for work type: data_classification (to reduce circularity)
[2] [2026-07-30T06:56:47.652Z] Skipping opportunity generation for work type: data_classification (to reduce circularity)
[2] [2026-07-30T06:56:47.664Z] Skipping opportunity generation for work type: data_classification (to reduce circularity)
[2] [2026-07-30T06:56:47.664Z] Work cycle completed. Verified work: 5, Earned: $37.50
[1] [2026-07-30T06:56:50.057Z] Skipping opportunity generation for work type: signature_validation (to reduce circularity)
[1] [2026-07-30T06:56:50.057Z] Skipping opportunity generation for work type: hash_verification (to reduce circularity)
[1] [2026-07-30T06:56:50.196Z] Skipping opportunity generation for work type: signature_validation (to reduce circularity)
[1] [2026-07-30T06:56:50.196Z] Skipping opportunity generation for work type: hash_verification (to reduce circularity)
[1] [2026-07-30T06:56:50.258Z] Work cycle completed. Verified work: 4, Earned: $36.00
[3] [2026-07-30T06:57:17.675Z] Skipping opportunity generation for work type: optimization (to reduce circularity)
[3] [2026-07-30T06:57:17.675Z] Work cycle completed. Earned: $15 for optimization
[1] [2026-07-30T06:57:19.973Z] Generated opportunity record for completed work: hash_verification -> bounty
[1] [2026-07-30T06:57:19.974Z] Generated opportunity record for completed work: hash_verification -> grant
[1] [2026-07-30T06:57:20.175Z] Generated opportunity record for completed work: signature_validation -> bounty
[1] [2026-07-30T06:57:20.176Z] Skipping opportunity generation for work type: hash_verification (to reduce circularity)
[1] [2026-07-30T06:57:20.289Z] Work cycle completed. Verified work: 4, Earned: $36.00
[2] [2026-07-30T06:57:32.597Z] Skipping opportunity generation for work type: data_classification (to reduce circularity)
[2] [2026-07-30T06:57:32.620Z] Skipping opportunity generation for work type: validation_scoring (to reduce circularity)
[2] [2026-07-30T06:57:32.632Z] Skipping opportunity generation for work type: trend_analysis (to reduce circularity)
[2] [2026-07-30T06:57:32.641Z] Skipping opportunity generation for work type: data_cleaning (to reduce circularity)
[2] [2026-07-30T06:57:32.651Z] Skipping opportunity generation for work type: pattern_matching (to reduce circularity)
[2] [2026-07-30T06:57:32.660Z] Skipping opportunity generation for work type: trend_analysis (to reduce circularity)
[2] [2026-07-30T06:57:32.670Z] Generated opportunity record for completed work: validation_scoring -> contest
[2] [2026-07-30T06:57:32.679Z] Generated opportunity record for completed work: data_cleaning -> data_engineering
[2] [2026-07-30T06:57:32.679Z] Work cycle completed. Verified work: 8, Earned: $60.00
[1] [2026-07-30T06:57:49.982Z] Generated opportunity record for completed work: hash_verification -> contest
[1] [2026-07-30T06:57:50.026Z] Work cycle completed. Verified work: 1, Earned: $9.00
[2] [2026-07-30T06:58:17.571Z] Skipping opportunity generation for work type: data_cleaning (to reduce circularity)
[2] [2026-07-30T06:58:17.582Z] Skipping opportunity generation for work type: validation_scoring (to reduce circularity)
[2] [2026-07-30T06:58:17.593Z] Generated opportunity record for completed work: data_cleaning -> development
[2] [2026-07-30T06:58:17.602Z] Generated opportunity record for completed work: trend_analysis -> research
[2] [2026-07-30T06:58:17.612Z] Skipping opportunity generation for work type: data_cleaning (to reduce circularity)
[2] [2026-07-30T06:58:17.612Z] Work cycle completed. Verified work: 5, Earned: $37.50
[3] [2026-07-30T06:58:17.661Z] Skipping opportunity generation for work type: verification (to reduce circularity)
[3] [2026-07-30T06:58:17.661Z] Work cycle completed. Earned: $15 for verification
[1] [2026-07-30T06:58:20.161Z] Skipping opportunity generation for work type: signature_validation (to reduce circularity)
[1] [2026-07-30T06:58:20.318Z] Skipping opportunity generation for work type: signature_validation (to reduce circularity)
[1] [2026-07-30T06:58:20.382Z] Work cycle completed. Verified work: 2, Earned: $18.00
[1] [2026-07-30T06:58:50.005Z] Skipping opportunity generation for work type: hash_verification (to reduce circularity)
[1] [2026-07-30T06:58:50.005Z] Skipping opportunity generation for work type: hash_verification (to reduce circularity)
[1] [2026-07-30T06:58:50.027Z] Work cycle completed. Verified work: 2, Earned: $18.00
[2] [2026-07-30T06:59:02.567Z] Skipping opportunity generation for work type: trend_analysis (to reduce circularity)
[2] [2026-07-30T06:59:02.577Z] Generated opportunity record for completed work: pattern_matching -> puzzle
[2] [2026-07-30T06:59:02.577Z] Work cycle completed. Verified work: 2, Earned: $15.00
[3] [2026-07-30T06:59:17.670Z] Generated opportunity record for completed work: verification -> security_audit
[3] [2026-07-30T06:59:17.670Z] Work cycle completed. Earned: $15 for verification
[1] [2026-07-30T06:59:20.199Z] Skipping opportunity generation for work type: signature_validation (to reduce circularity)
[1] [2026-07-30T06:59:20.210Z] Work cycle completed. Verified work: 1, Earned: $9.00
[2] [2026-07-30T06:59:47.570Z] Skipping opportunity generation for work type: validation_scoring (to reduce circularity)
[2] [2026-07-30T06:59:47.583Z] Skipping opportunity generation for work type: validation_scoring (to reduce circularity)
[2] [2026-07-30T06:59:47.602Z] Skipping opportunity generation for work type: trend_analysis (to reduce circularity)
[2] [2026-07-30T06:59:47.613Z] Generated opportunity record for completed work: pattern_matching -> contest
[2] [2026-07-30T06:59:47.623Z] Generated opportunity record for completed work: data_classification -> grant
[2] [2026-07-30T06:59:47.699Z] Generated opportunity record for completed work: validation_scoring -> quality_assurance
[2] [2026-07-30T06:59:47.699Z] Work cycle completed. Verified work: 6, Earned: $45.00
[1] [2026-07-30T06:59:50.029Z] Skipping opportunity generation for work type: hash_verification (to reduce circularity)
[1] [2026-07-30T06:59:50.029Z] Skipping opportunity generation for work type: hash_verification (to reduce circularity)
[1] [2026-07-30T06:59:50.050Z] Work cycle completed. Verified work: 2, Earned: $18.00
[3] [2026-07-30T07:00:17.679Z] Skipping opportunity generation for work type: data_processing (to reduce circularity)
[3] [2026-07-30T07:00:17.679Z] Work cycle completed. Earned: $15 for data_processing
[1] [2026-07-30T07:00:20.037Z] Skipping opportunity generation for work type: hash_verification (to reduce circularity)
[1] [2026-07-30T07:00:20.075Z] Work cycle completed. Verified work: 1, Earned: $9.00
[2] [2026-07-30T07:00:32.597Z] Generated opportunity record for completed work: data_classification -> contest
[2] [2026-07-30T07:00:32.618Z] Skipping opportunity generation for work type: trend_analysis (to reduce circularity)
[2] [2026-07-30T07:00:32.629Z] Skipping opportunity generation for work type: pattern_matching (to reduce circularity)
[2] [2026-07-30T07:00:32.639Z] Skipping opportunity generation for work type: data_classification (to reduce circularity)
[2] [2026-07-30T07:00:32.639Z] Work cycle completed. Verified work: 4, Earned: $30.00
[1] [2026-07-30T07:00:50.173Z] Generated opportunity record for completed work: signature_validation -> grant
[1] [2026-07-30T07:00:50.174Z] Skipping opportunity generation for work type: hash_verification (to reduce circularity)
[1] [2026-07-30T07:00:50.210Z] Work cycle completed. Verified work: 2, Earned: $18.00
[2] [2026-07-30T07:01:17.708Z] Generated opportunity record for completed work: trend_analysis -> airdrop
[2] [2026-07-30T07:01:17.708Z] Work cycle completed. Verified work: 1, Earned: $7.50
[3] [2026-07-30T07:01:17.721Z] Skipping opportunity generation for work type: pattern_recognition (to reduce circularity)
[3] [2026-07-30T07:01:17.721Z] Work cycle completed. Earned: $15 for pattern_recognition
[1] [2026-07-30T07:01:20.131Z] Skipping opportunity generation for work type: signature_validation (to reduce circularity)
[1] [2026-07-30T07:01:20.132Z] Skipping opportunity generation for work type: hash_verification (to reduce circularity)
[1] [2026-07-30T07:01:20.333Z] Generated opportunity record for completed work: signature_validation -> development
[1] [2026-07-30T07:01:20.457Z] Skipping opportunity generation for work type: signature_validation (to reduce circularity)
[1] [2026-07-30T07:01:20.535Z] Work cycle completed. Verified work: 4, Earned: $36.00
[2] [2026-07-30T07:02:02.644Z] Skipping opportunity generation for work type: pattern_matching (to reduce circularity)
[2] [2026-07-30T07:02:02.668Z] Generated opportunity record for completed work: data_classification -> contest
[2] [2026-07-30T07:02:02.690Z] Skipping opportunity generation for work type: trend_analysis (to reduce circularity)
[2] [2026-07-30T07:02:02.710Z] Skipping opportunity generation for work type: validation_scoring (to reduce circularity)
[2] [2026-07-30T07:02:02.710Z] Work cycle completed. Verified work: 4, Earned: $30.00
[3] [2026-07-30T07:02:17.737Z] Skipping opportunity generation for work type: data_processing (to reduce circularity)
[3] [2026-07-30T07:02:17.737Z] Work cycle completed. Earned: $15 for data_processing
[1] [2026-07-30T07:02:20.250Z] Generated opportunity record for completed work: signature_validation -> bounty
[1] [2026-07-30T07:02:20.411Z] Skipping opportunity generation for work type: signature_validation (to reduce circularity)
[1] [2026-07-30T07:02:20.411Z] Skipping opportunity generation for work type: hash_verification (to reduce circularity)
[1] [2026-07-30T07:02:20.412Z] Skipping opportunity generation for work type: hash_verification (to reduce circularity)
[1] [2026-07-30T07:02:20.570Z] Work cycle completed. Verified work: 4, Earned: $36.00
[2] [2026-07-30T07:02:47.618Z] Generated opportunity record for completed work: trend_analysis -> airdrop
[2] [2026-07-30T07:02:47.643Z] Generated opportunity record for completed work: validation_scoring -> contest
[2] [2026-07-30T07:02:47.669Z] Skipping opportunity generation for work type: data_cleaning (to reduce circularity)
[2] [2026-07-30T07:02:47.686Z] Skipping opportunity generation for work type: data_cleaning (to reduce circularity)
[2] [2026-07-30T07:02:47.686Z] Work cycle completed. Verified work: 4, Earned: $30.00
[1] [2026-07-30T07:02:50.084Z] Skipping opportunity generation for work type: hash_verification (to reduce circularity)
[1] [2026-07-30T07:02:50.114Z] Work cycle completed. Verified work: 1, Earned: $9.00
[3] [2026-07-30T07:03:17.728Z] Generated opportunity record for completed work: verification -> quality_assurance
[3] [2026-07-30T07:03:17.729Z] Work cycle completed. Earned: $15 for verification
[2] [2026-07-30T07:03:32.654Z] Skipping opportunity generation for work type: pattern_matching (to reduce circularity)
[2] [2026-07-30T07:03:32.701Z] Skipping opportunity generation for work type: data_classification (to reduce circularity)
[2] [2026-07-30T07:03:32.720Z] Skipping opportunity generation for work type: data_cleaning (to reduce circularity)
[2] [2026-07-30T07:03:32.732Z] Skipping opportunity generation for work type: data_cleaning (to reduce circularity)
[2] [2026-07-30T07:03:32.742Z] Skipping opportunity generation for work type: data_classification (to reduce circularity)
[2] [2026-07-30T07:03:32.751Z] Generated opportunity record for completed work: trend_analysis -> airdrop
[2] [2026-07-30T07:03:32.760Z] Skipping opportunity generation for work type: data_cleaning (to reduce circularity)
[2] [2026-07-30T07:03:32.760Z] Work cycle completed. Verified work: 7, Earned: $52.50
[1] [2026-07-30T07:03:50.184Z] Generated opportunity record for completed work: signature_validation -> development
[1] [2026-07-30T07:03:50.185Z] Generated opportunity record for completed work: hash_verification -> bounty
[1] [2026-07-30T07:03:50.243Z] Work cycle completed. Verified work: 2, Earned: $18.00
[2] [2026-07-30T07:04:17.666Z] Generated opportunity record for completed work: data_cleaning -> freelance
[2] [2026-07-30T07:04:17.683Z] Skipping opportunity generation for work type: data_cleaning (to reduce circularity)
[2] [2026-07-30T07:04:17.700Z] Skipping opportunity generation for work type: data_cleaning (to reduce circularity)
[2] [2026-07-30T07:04:17.711Z] Skipping opportunity generation for work type: validation_scoring (to reduce circularity)
[2] [2026-07-30T07:04:17.720Z] Generated opportunity record for completed work: data_classification -> grant
[2] [2026-07-30T07:04:17.729Z] Skipping opportunity generation for work type: trend_analysis (to reduce circularity)
[2] [2026-07-30T07:04:17.729Z] Work cycle completed. Verified work: 6, Earned: $45.00
[3] [2026-07-30T07:04:17.739Z] Skipping opportunity generation for work type: pattern_recognition (to reduce circularity)
[3] [2026-07-30T07:04:17.739Z] Work cycle completed. Earned: $15 for pattern_recognition
[1] [2026-07-30T07:04:20.236Z] Generated opportunity record for completed work: signature_validation -> development
[1] [2026-07-30T07:04:20.273Z] Work cycle completed. Verified work: 1, Earned: $9.00
[1] [2026-07-30T07:04:50.329Z] Skipping opportunity generation for work type: signature_validation (to reduce circularity)
[1] [2026-07-30T07:04:50.480Z] Skipping opportunity generation for work type: signature_validation (to reduce circularity)
[1] [2026-07-30T07:04:50.543Z] Work cycle completed. Verified work: 2, Earned: $18.00
[2] [2026-07-30T07:05:02.660Z] Skipping opportunity generation for work type: validation_scoring (to reduce circularity)
[2] [2026-07-30T07:05:02.692Z] Generated opportunity record for completed work: trend_analysis -> bounty
[2] [2026-07-30T07:05:02.714Z] Skipping opportunity generation for work type: pattern_matching (to reduce circularity)
[2] [2026-07-30T07:05:02.714Z] Work cycle completed. Verified work: 3, Earned: $22.50
[3] [2026-07-30T07:05:17.776Z] Skipping opportunity generation for work type: data_processing (to reduce circularity)
[3] [2026-07-30T07:05:17.776Z] Work cycle completed. Earned: $15 for data_processing
[1] [2026-07-30T07:05:20.252Z] Generated opportunity record for completed work: signature_validation -> development
[1] [2026-07-30T07:05:20.455Z] Skipping opportunity generation for work type: signature_validation (to reduce circularity)
[1] [2026-07-30T07:05:20.480Z] Work cycle completed. Verified work: 2, Earned: $18.00
[2] [2026-07-30T07:05:47.620Z] Skipping opportunity generation for work type: pattern_matching (to reduce circularity)
[2] [2026-07-30T07:05:47.631Z] Skipping opportunity generation for work type: trend_analysis (to reduce circularity)
[2] [2026-07-30T07:05:47.643Z] Skipping opportunity generation for work type: data_classification (to reduce circularity)
[2] [2026-07-30T07:05:47.653Z] Skipping opportunity generation for work type: trend_analysis (to reduce circularity)
[2] [2026-07-30T07:05:47.653Z] Work cycle completed. Verified work: 4, Earned: $30.00
[1] [2026-07-30T07:05:50.288Z] Skipping opportunity generation for work type: signature_validation (to reduce circularity)
[1] [2026-07-30T07:05:50.290Z] Generated opportunity record for completed work: hash_verification -> contest
[1] [2026-07-30T07:05:50.338Z] Work cycle completed. Verified work: 2, Earned: $18.00
[3] [2026-07-30T07:06:17.786Z] Skipping opportunity generation for work type: verification (to reduce circularity)
[3] [2026-07-30T07:06:17.786Z] Work cycle completed. Earned: $15 for verification
[1] [2026-07-30T07:06:20.295Z] Skipping opportunity generation for work type: signature_validation (to reduce circularity)
[1] [2026-07-30T07:06:20.467Z] Generated opportunity record for completed work: signature_validation -> bounty
[1] [2026-07-30T07:06:20.467Z] Skipping opportunity generation for work type: hash_verification (to reduce circularity)
[1] [2026-07-30T07:06:20.467Z] Generated opportunity record for completed work: hash_verification -> contest
[1] [2026-07-30T07:06:20.467Z] Skipping opportunity generation for work type: hash_verification (to reduce circularity)
[1] [2026-07-30T07:06:20.545Z] Work cycle completed. Verified work: 5, Earned: $45.00
[2] [2026-07-30T07:06:32.670Z] Generated opportunity record for completed work: validation_scoring -> contest
[2] [2026-07-30T07:06:32.683Z] Skipping opportunity generation for work type: pattern_matching (to reduce circularity)
[2] [2026-07-30T07:06:32.693Z] Skipping opportunity generation for work type: pattern_matching (to reduce circularity)
[2] [2026-07-30T07:06:32.707Z] Skipping opportunity generation for work type: validation_scoring (to reduce circularity)
[2] [2026-07-30T07:06:32.707Z] Work cycle completed. Verified work: 4, Earned: $30.00
[1] [2026-07-30T07:06:50.239Z] Skipping opportunity generation for work type: signature_validation (to reduce circularity)
[1] [2026-07-30T07:06:50.249Z] Work cycle completed. Verified work: 1, Earned: $9.00
[2] [2026-07-30T07:07:17.661Z] Skipping opportunity generation for work type: trend_analysis (to reduce circularity)
[2] [2026-07-30T07:07:17.680Z] Skipping opportunity generation for work type: validation_scoring (to reduce circularity)
[2] [2026-07-30T07:07:17.691Z] Skipping opportunity generation for work type: data_classification (to reduce circularity)
[2] [2026-07-30T07:07:17.702Z] Skipping opportunity generation for work type: trend_analysis (to reduce circularity)
[2] [2026-07-30T07:07:17.713Z] Skipping opportunity generation for work type: validation_scoring (to reduce circularity)
[2] [2026-07-30T07:07:17.713Z] Work cycle completed. Verified work: 5, Earned: $37.50
[3] [2026-07-30T07:07:17.782Z] Skipping opportunity generation for work type: data_processing (to reduce circularity)
[3] [2026-07-30T07:07:17.782Z] Work cycle completed. Earned: $15 for data_processing
[1] [2026-07-30T07:07:20.257Z] Skipping opportunity generation for work type: signature_validation (to reduce circularity)
[1] [2026-07-30T07:07:20.444Z] Generated opportunity record for completed work: signature_validation -> grant
[1] [2026-07-30T07:07:20.444Z] Generated opportunity record for completed work: hash_verification -> bounty
[1] [2026-07-30T07:07:20.649Z] Skipping opportunity generation for work type: signature_validation (to reduce circularity)
[1] [2026-07-30T07:07:20.702Z] Work cycle completed. Verified work: 4, Earned: $36.00
[1] [2026-07-30T07:07:50.334Z] Skipping opportunity generation for work type: signature_validation (to reduce circularity)
[1] [2026-07-30T07:07:50.356Z] Work cycle completed. Verified work: 1, Earned: $9.00
[2] [2026-07-30T07:08:02.684Z] Skipping opportunity generation for work type: data_classification (to reduce circularity)
[2] [2026-07-30T07:08:02.706Z] Skipping opportunity generation for work type: data_classification (to reduce circularity)
[2] [2026-07-30T07:08:02.728Z] Generated opportunity record for completed work: pattern_matching -> contest
[2] [2026-07-30T07:08:02.745Z] Generated opportunity record for completed work: pattern_matching -> contest
[2] [2026-07-30T07:08:02.745Z] Work cycle completed. Verified work: 4, Earned: $30.00
[3] [2026-07-30T07:08:17.795Z] Skipping opportunity generation for work type: pattern_recognition (to reduce circularity)
[3] [2026-07-30T07:08:17.795Z] Work cycle completed. Earned: $15 for pattern_recognition
[1] [2026-07-30T07:08:20.172Z] Generated opportunity record for completed work: hash_verification -> contest
[1] [2026-07-30T07:08:20.183Z] Work cycle completed. Verified work: 1, Earned: $9.00
[2] [2026-07-30T07:08:47.643Z] Skipping opportunity generation for work type: data_classification (to reduce circularity)
[2] [2026-07-30T07:08:47.657Z] Generated opportunity record for completed work: data_classification -> contest
[2] [2026-07-30T07:08:47.668Z] Generated opportunity record for completed work: trend_analysis -> airdrop
[2] [2026-07-30T07:08:47.678Z] Skipping opportunity generation for work type: pattern_matching (to reduce circularity)
[2] [2026-07-30T07:08:47.691Z] Skipping opportunity generation for work type: data_classification (to reduce circularity)
[2] [2026-07-30T07:08:47.702Z] Skipping opportunity generation for work type: data_classification (to reduce circularity)
[2] [2026-07-30T07:08:47.713Z] Skipping opportunity generation for work type: pattern_matching (to reduce circularity)
[2] [2026-07-30T07:08:47.713Z] Work cycle completed. Verified work: 7, Earned: $52.50
[1] [2026-07-30T07:08:50.210Z] Skipping opportunity generation for work type: hash_verification (to reduce circularity)
[1] [2026-07-30T07:08:50.257Z] Work cycle completed. Verified work: 1, Earned: $9.00
[3] [2026-07-30T07:09:17.824Z] Generated opportunity record for completed work: verification -> quality_assurance
[3] [2026-07-30T07:09:17.824Z] Work cycle completed. Earned: $15 for verification
[2] [2026-07-30T07:09:32.642Z] Skipping opportunity generation for work type: data_classification (to reduce circularity)
[2] [2026-07-30T07:09:32.655Z] Skipping opportunity generation for work type: pattern_matching (to reduce circularity)
[2] [2026-07-30T07:09:32.666Z] Skipping opportunity generation for work type: pattern_matching (to reduce circularity)
[2] [2026-07-30T07:09:32.677Z] Generated opportunity record for completed work: data_cleaning -> development
[2] [2026-07-30T07:09:32.686Z] Generated opportunity record for completed work: pattern_matching -> puzzle
[2] [2026-07-30T07:09:32.698Z] Skipping opportunity generation for work type: data_cleaning (to reduce circularity)
[2] [2026-07-30T07:09:32.709Z] Skipping opportunity generation for work type: validation_scoring (to reduce circularity)
[2] [2026-07-30T07:09:32.709Z] Work cycle completed. Verified work: 7, Earned: $52.50
[1] [2026-07-30T07:09:50.314Z] Skipping opportunity generation for work type: signature_validation (to reduce circularity)
[1] [2026-07-30T07:09:50.350Z] Work cycle completed. Verified work: 1, Earned: $9.00
[2] [2026-07-30T07:10:17.682Z] Skipping opportunity generation for work type: data_classification (to reduce circularity)
[2] [2026-07-30T07:10:17.702Z] Generated opportunity record for completed work: validation_scoring -> bounty
[2] [2026-07-30T07:10:17.714Z] Generated opportunity record for completed work: pattern_matching -> research
[2] [2026-07-30T07:10:17.724Z] Skipping opportunity generation for work type: validation_scoring (to reduce circularity)
[2] [2026-07-30T07:10:17.736Z] Generated opportunity record for completed work: trend_analysis -> airdrop
[2] [2026-07-30T07:10:17.745Z] Skipping opportunity generation for work type: trend_analysis (to reduce circularity)
[2] [2026-07-30T07:10:17.755Z] Skipping opportunity generation for work type: data_cleaning (to reduce circularity)
[2] [2026-07-30T07:10:17.766Z] Generated opportunity record for completed work: data_classification -> research
[2] [2026-07-30T07:10:17.766Z] Work cycle completed. Verified work: 8, Earned: $60.00
[3] [2026-07-30T07:10:17.809Z] Skipping opportunity generation for work type: data_processing (to reduce circularity)
[3] [2026-07-30T07:10:17.809Z] Work cycle completed. Earned: $15 for data_processing
[1] [2026-07-30T07:10:20.390Z] Skipping opportunity generation for work type: signature_validation (to reduce circularity)
[1] [2026-07-30T07:10:20.499Z] Skipping opportunity generation for work type: signature_validation (to reduce circularity)
[1] [2026-07-30T07:10:20.623Z] Generated opportunity record for completed work: signature_validation -> development
[1] [2026-07-30T07:10:20.677Z] Work cycle completed. Verified work: 3, Earned: $27.00
[1] [2026-07-30T07:10:50.259Z] Generated opportunity record for completed work: hash_verification -> bounty
[1] [2026-07-30T07:10:50.260Z] Generated opportunity record for completed work: hash_verification -> grant
[1] [2026-07-30T07:10:50.297Z] Work cycle completed. Verified work: 2, Earned: $18.00
[2] [2026-07-30T07:11:02.670Z] Generated opportunity record for completed work: trend_analysis -> airdrop
[2] [2026-07-30T07:11:02.682Z] Skipping opportunity generation for work type: trend_analysis (to reduce circularity)
[2] [2026-07-30T07:11:02.694Z] Skipping opportunity generation for work type: data_classification (to reduce circularity)
[2] [2026-07-30T07:11:02.707Z] Skipping opportunity generation for work type: data_cleaning (to reduce circularity)
[2] [2026-07-30T07:11:02.707Z] Work cycle completed. Verified work: 4, Earned: $30.00
[3] [2026-07-30T07:11:17.827Z] Generated opportunity record for completed work: pattern_recognition -> research
[3] [2026-07-30T07:11:17.827Z] Work cycle completed. Earned: $15 for pattern_recognition
[2] [2026-07-30T07:11:47.680Z] Skipping opportunity generation for work type: trend_analysis (to reduce circularity)
[2] [2026-07-30T07:11:47.694Z] Skipping opportunity generation for work type: validation_scoring (to reduce circularity)
[2] [2026-07-30T07:11:47.710Z] Skipping opportunity generation for work type: data_classification (to reduce circularity)
[2] [2026-07-30T07:11:47.710Z] Work cycle completed. Verified work: 3, Earned: $22.50
[1] [2026-07-30T07:11:50.275Z] Skipping opportunity generation for work type: hash_verification (to reduce circularity)
[1] [2026-07-30T07:11:50.275Z] Skipping opportunity generation for work type: hash_verification (to reduce circularity)
[1] [2026-07-30T07:11:50.276Z] Generated opportunity record for completed work: hash_verification -> grant
[1] [2026-07-30T07:11:50.332Z] Work cycle completed. Verified work: 3, Earned: $27.00
[3] [2026-07-30T07:12:17.845Z] Skipping opportunity generation for work type: data_processing (to reduce circularity)
[3] [2026-07-30T07:12:17.845Z] Work cycle completed. Earned: $15 for data_processing
[1] [2026-07-30T07:12:20.283Z] Generated opportunity record for completed work: hash_verification -> grant
[1] [2026-07-30T07:12:20.490Z] Skipping opportunity generation for work type: signature_validation (to reduce circularity)
[1] [2026-07-30T07:12:20.490Z] Generated opportunity record for completed work: hash_verification -> grant
[1] [2026-07-30T07:12:20.580Z] Skipping opportunity generation for work type: signature_validation (to reduce circularity)
[1] [2026-07-30T07:12:20.627Z] Work cycle completed. Verified work: 4, Earned: $36.00
[2] [2026-07-30T07:12:32.693Z] Skipping opportunity generation for work type: data_classification (to reduce circularity)
[2] [2026-07-30T07:12:32.708Z] Skipping opportunity generation for work type: data_cleaning (to reduce circularity)
[2] [2026-07-30T07:12:32.720Z] Skipping opportunity generation for work type: pattern_matching (to reduce circularity)
[2] [2026-07-30T07:12:32.729Z] Generated opportunity record for completed work: data_classification -> grant
[2] [2026-07-30T07:12:32.739Z] Skipping opportunity generation for work type: data_cleaning (to reduce circularity)
[2] [2026-07-30T07:12:32.752Z] Skipping opportunity generation for work type: data_cleaning (to reduce circularity)
[2] [2026-07-30T07:12:32.762Z] Skipping opportunity generation for work type: data_classification (to reduce circularity)
[2] [2026-07-30T07:12:32.762Z] Work cycle completed. Verified work: 7, Earned: $52.50
[1] [2026-07-30T07:12:50.384Z] Generated opportunity record for completed work: signature_validation -> development
[1] [2026-07-30T07:12:50.423Z] Work cycle completed. Verified work: 1, Earned: $9.00
[2] [2026-07-30T07:13:17.768Z] Skipping opportunity generation for work type: trend_analysis (to reduce circularity)
[2] [2026-07-30T07:13:17.780Z] Skipping opportunity generation for work type: data_cleaning (to reduce circularity)
[2] [2026-07-30T07:13:17.791Z] Skipping opportunity generation for work type: data_cleaning (to reduce circularity)
[2] [2026-07-30T07:13:17.805Z] Skipping opportunity generation for work type: validation_scoring (to reduce circularity)
[2] [2026-07-30T07:13:17.816Z] Generated opportunity record for completed work: data_cleaning -> development
[2] [2026-07-30T07:13:17.826Z] Skipping opportunity generation for work type: data_cleaning (to reduce circularity)
[2] [2026-07-30T07:13:17.826Z] Work cycle completed. Verified work: 6, Earned: $45.00
[3] [2026-07-30T07:13:17.840Z] Skipping opportunity generation for work type: data_processing (to reduce circularity)
[3] [2026-07-30T07:13:17.840Z] Work cycle completed. Earned: $15 for data_processing
[1] [2026-07-30T07:13:20.372Z] Skipping opportunity generation for work type: signature_validation (to reduce circularity)
[1] [2026-07-30T07:13:20.424Z] Work cycle completed. Verified work: 1, Earned: $9.00
[1] [2026-07-30T07:13:50.422Z] Skipping opportunity generation for work type: signature_validation (to reduce circularity)
[1] [2026-07-30T07:13:50.555Z] Skipping opportunity generation for work type: signature_validation (to reduce circularity)
[1] [2026-07-30T07:13:50.945Z] Work cycle completed. Verified work: 2, Earned: $18.00
[2] [2026-07-30T07:14:02.747Z] Skipping opportunity generation for work type: data_classification (to reduce circularity)
[2] [2026-07-30T07:14:02.766Z] Generated opportunity record for completed work: pattern_matching -> research
[2] [2026-07-30T07:14:02.781Z] Generated opportunity record for completed work: pattern_matching -> puzzle
[2] [2026-07-30T07:14:02.781Z] Work cycle completed. Verified work: 3, Earned: $22.50
[3] [2026-07-30T07:14:17.845Z] Skipping opportunity generation for work type: pattern_recognition (to reduce circularity)
[3] [2026-07-30T07:14:17.845Z] Work cycle completed. Earned: $15 for pattern_recognition
[1] [2026-07-30T07:14:20.310Z] Skipping opportunity generation for work type: hash_verification (to reduce circularity)
[1] [2026-07-30T07:14:20.310Z] Generated opportunity record for completed work: hash_verification -> contest
[1] [2026-07-30T07:14:20.330Z] Work cycle completed. Verified work: 2, Earned: $18.00
[2] [2026-07-30T07:14:47.741Z] Skipping opportunity generation for work type: data_classification (to reduce circularity)
[2] [2026-07-30T07:14:47.760Z] Skipping opportunity generation for work type: trend_analysis (to reduce circularity)
[2] [2026-07-30T07:14:47.760Z] Work cycle completed. Verified work: 2, Earned: $15.00
[1] [2026-07-30T07:14:50.311Z] Skipping opportunity generation for work type: hash_verification (to reduce circularity)
[1] [2026-07-30T07:14:50.327Z] Work cycle completed. Verified work: 1, Earned: $9.00
[3] [2026-07-30T07:15:17.849Z] Skipping opportunity generation for work type: verification (to reduce circularity)
[3] [2026-07-30T07:15:17.849Z] Work cycle completed. Earned: $15 for verification
[1] [2026-07-30T07:15:20.317Z] Skipping opportunity generation for work type: hash_verification (to reduce circularity)
[1] [2026-07-30T07:15:20.367Z] Work cycle completed. Verified work: 1, Earned: $9.00
[2] [2026-07-30T07:15:32.757Z] Skipping opportunity generation for work type: data_classification (to reduce circularity)
[2] [2026-07-30T07:15:32.769Z] Generated opportunity record for completed work: data_cleaning -> data_engineering
[2] [2026-07-30T07:15:32.810Z] Skipping opportunity generation for work type: data_classification (to reduce circularity)
[2] [2026-07-30T07:15:32.820Z] Skipping opportunity generation for work type: trend_analysis (to reduce circularity)
[2] [2026-07-30T07:15:32.831Z] Skipping opportunity generation for work type: validation_scoring (to reduce circularity)
[2] [2026-07-30T07:15:32.841Z] Generated opportunity record for completed work: validation_scoring -> quality_assurance
[2] [2026-07-30T07:15:32.841Z] Work cycle completed. Verified work: 6, Earned: $45.00
[1] [2026-07-30T07:15:50.527Z] Skipping opportunity generation for work type: signature_validation (to reduce circularity)
[1] [2026-07-30T07:15:50.681Z] Skipping opportunity generation for work type: signature_validation (to reduce circularity)
[1] [2026-07-30T07:15:50.744Z] Work cycle completed. Verified work: 2, Earned: $18.00
[2] [2026-07-30T07:16:17.767Z] Skipping opportunity generation for work type: data_cleaning (to reduce circularity)
[2] [2026-07-30T07:16:17.788Z] Skipping opportunity generation for work type: data_cleaning (to reduce circularity)
[2] [2026-07-30T07:16:17.808Z] Skipping opportunity generation for work type: validation_scoring (to reduce circularity)
[2] [2026-07-30T07:16:17.821Z] Skipping opportunity generation for work type: validation_scoring (to reduce circularity)
[2] [2026-07-30T07:16:17.831Z] Generated opportunity record for completed work: trend_analysis -> bounty
[2] [2026-07-30T07:16:17.840Z] Skipping opportunity generation for work type: data_cleaning (to reduce circularity)
[2] [2026-07-30T07:16:17.851Z] Generated opportunity record for completed work: validation_scoring -> contest
[2] [2026-07-30T07:16:17.851Z] Work cycle completed. Verified work: 7, Earned: $52.50
[3] [2026-07-30T07:16:17.862Z] Generated opportunity record for completed work: verification -> quality_assurance
[3] [2026-07-30T07:16:17.862Z] Work cycle completed. Earned: $15 for verification
[1] [2026-07-30T07:16:20.390Z] Skipping opportunity generation for work type: signature_validation (to reduce circularity)
[1] [2026-07-30T07:16:20.390Z] Skipping opportunity generation for work type: hash_verification (to reduce circularity)
[1] [2026-07-30T07:16:20.468Z] Work cycle completed. Verified work: 2, Earned: $18.00
[1] [2026-07-30T07:16:50.344Z] Skipping opportunity generation for work type: hash_verification (to reduce circularity)
[1] [2026-07-30T07:16:50.345Z] Generated opportunity record for completed work: hash_verification -> grant
[1] [2026-07-30T07:16:50.436Z] Generated opportunity record for completed work: signature_validation -> bounty
[1] [2026-07-30T07:16:50.498Z] Work cycle completed. Verified work: 3, Earned: $27.00
[2] [2026-07-30T07:17:02.733Z] Skipping opportunity generation for work type: trend_analysis (to reduce circularity)
[2] [2026-07-30T07:17:02.749Z] Skipping opportunity generation for work type: validation_scoring (to reduce circularity)
[2] [2026-07-30T07:17:02.764Z] Generated opportunity record for completed work: validation_scoring -> contest
[2] [2026-07-30T07:17:02.775Z] Skipping opportunity generation for work type: data_cleaning (to reduce circularity)
[2] [2026-07-30T07:17:02.785Z] Skipping opportunity generation for work type: data_classification (to reduce circularity)
[2] [2026-07-30T07:17:02.785Z] Work cycle completed. Verified work: 5, Earned: $37.50
[3] [2026-07-30T07:17:17.880Z] Generated opportunity record for completed work: verification -> validation
[3] [2026-07-30T07:17:17.880Z] Work cycle completed. Earned: $15 for verification
[1] [2026-07-30T07:17:20.521Z] Skipping opportunity generation for work type: signature_validation (to reduce circularity)
[1] [2026-07-30T07:17:20.543Z] Work cycle completed. Verified work: 1, Earned: $9.00
[2] [2026-07-30T07:17:47.733Z] Skipping opportunity generation for work type: pattern_matching (to reduce circularity)
[2] [2026-07-30T07:17:47.747Z] Skipping opportunity generation for work type: data_cleaning (to reduce circularity)
[2] [2026-07-30T07:17:47.758Z] Generated opportunity record for completed work: pattern_matching -> contest
[2] [2026-07-30T07:17:47.769Z] Skipping opportunity generation for work type: trend_analysis (to reduce circularity)
[2] [2026-07-30T07:17:47.780Z] Generated opportunity record for completed work: trend_analysis -> airdrop
[2] [2026-07-30T07:17:47.792Z] Skipping opportunity generation for work type: data_cleaning (to reduce circularity)
[2] [2026-07-30T07:17:47.792Z] Work cycle completed. Verified work: 6, Earned: $45.00
[1] [2026-07-30T07:17:50.461Z] Skipping opportunity generation for work type: signature_validation (to reduce circularity)
[1] [2026-07-30T07:17:50.461Z] Skipping opportunity generation for work type: hash_verification (to reduce circularity)
[1] [2026-07-30T07:17:50.482Z] Work cycle completed. Verified work: 2, Earned: $18.00
[3] [2026-07-30T07:18:17.887Z] Generated opportunity record for completed work: data_processing -> freelance
[3] [2026-07-30T07:18:17.887Z] Work cycle completed. Earned: $15 for data_processing
[1] [2026-07-30T07:18:20.364Z] Skipping opportunity generation for work type: hash_verification (to reduce circularity)
[1] [2026-07-30T07:18:20.364Z] Skipping opportunity generation for work type: hash_verification (to reduce circularity)
[1] [2026-07-30T07:18:20.473Z] Generated opportunity record for completed work: signature_validation -> bounty
[1] [2026-07-30T07:18:20.503Z] Work cycle completed. Verified work: 3, Earned: $27.00
[2] [2026-07-30T07:18:32.745Z] Skipping opportunity generation for work type: validation_scoring (to reduce circularity)
[2] [2026-07-30T07:18:32.757Z] Skipping opportunity generation for work type: data_cleaning (to reduce circularity)
[2] [2026-07-30T07:18:32.767Z] Skipping opportunity generation for work type: pattern_matching (to reduce circularity)
[2] [2026-07-30T07:18:32.777Z] Skipping opportunity generation for work type: pattern_matching (to reduce circularity)
[2] [2026-07-30T07:18:32.788Z] Skipping opportunity generation for work type: data_cleaning (to reduce circularity)
[2] [2026-07-30T07:18:32.788Z] Work cycle completed. Verified work: 5, Earned: $37.50
[1] [2026-07-30T07:18:50.435Z] Skipping opportunity generation for work type: signature_validation (to reduce circularity)
[1] [2026-07-30T07:18:50.447Z] Work cycle completed. Verified work: 1, Earned: $9.00
[2] [2026-07-30T07:19:17.761Z] Skipping opportunity generation for work type: validation_scoring (to reduce circularity)
[2] [2026-07-30T07:19:17.761Z] Work cycle completed. Verified work: 1, Earned: $7.50
[3] [2026-07-30T07:19:17.903Z] Skipping opportunity generation for work type: pattern_recognition (to reduce circularity)
[3] [2026-07-30T07:19:17.903Z] Work cycle completed. Earned: $15 for pattern_recognition
[1] [2026-07-30T07:19:20.511Z] Skipping opportunity generation for work type: signature_validation (to reduce circularity)
[1] [2026-07-30T07:19:20.523Z] Work cycle completed. Verified work: 1, Earned: $9.00
[1] [2026-07-30T07:19:50.401Z] Skipping opportunity generation for work type: hash_verification (to reduce circularity)
[1] [2026-07-30T07:19:50.509Z] Skipping opportunity generation for work type: signature_validation (to reduce circularity)
[1] [2026-07-30T07:19:50.509Z] Generated opportunity record for completed work: hash_verification -> contest
[1] [2026-07-30T07:19:50.547Z] Work cycle completed. Verified work: 3, Earned: $27.00
[2] [2026-07-30T07:20:02.776Z] Skipping opportunity generation for work type: data_cleaning (to reduce circularity)
[2] [2026-07-30T07:20:02.789Z] Skipping opportunity generation for work type: pattern_matching (to reduce circularity)
[2] [2026-07-30T07:20:02.800Z] Skipping opportunity generation for work type: trend_analysis (to reduce circularity)
[2] [2026-07-30T07:20:02.811Z] Skipping opportunity generation for work type: data_classification (to reduce circularity)
[2] [2026-07-30T07:20:02.823Z] Skipping opportunity generation for work type: data_classification (to reduce circularity)
[2] [2026-07-30T07:20:02.832Z] Skipping opportunity generation for work type: data_classification (to reduce circularity)
[2] [2026-07-30T07:20:02.832Z] Work cycle completed. Verified work: 6, Earned: $45.00
[3] [2026-07-30T07:20:17.914Z] Generated opportunity record for completed work: verification -> validation
[3] [2026-07-30T07:20:17.915Z] Work cycle completed. Earned: $15 for verification
[1] [2026-07-30T07:20:20.606Z] Skipping opportunity generation for work type: signature_validation (to reduce circularity)
[1] [2026-07-30T07:20:20.778Z] Skipping opportunity generation for work type: signature_validation (to reduce circularity)
[1] [2026-07-30T07:20:20.807Z] Work cycle completed. Verified work: 2, Earned: $18.00
[2] [2026-07-30T07:20:47.772Z] Generated opportunity record for completed work: data_classification -> grant
[2] [2026-07-30T07:20:47.783Z] Skipping opportunity generation for work type: pattern_matching (to reduce circularity)
[2] [2026-07-30T07:20:47.793Z] Skipping opportunity generation for work type: data_cleaning (to reduce circularity)
[2] [2026-07-30T07:20:47.794Z] Work cycle completed. Verified work: 3, Earned: $22.50
[3] [2026-07-30T07:21:17.926Z] Skipping opportunity generation for work type: optimization (to reduce circularity)
[3] [2026-07-30T07:21:17.926Z] Work cycle completed. Earned: $15 for optimization
[1] [2026-07-30T07:21:20.621Z] Generated opportunity record for completed work: signature_validation -> grant
[1] [2026-07-30T07:21:20.637Z] Work cycle completed. Verified work: 1, Earned: $9.00
[2] [2026-07-30T07:21:32.773Z] Generated opportunity record for completed work: validation_scoring -> bounty
[2] [2026-07-30T07:21:32.783Z] Generated opportunity record for completed work: pattern_matching -> puzzle
[2] [2026-07-30T07:21:32.783Z] Work cycle completed. Verified work: 2, Earned: $15.00
[1] [2026-07-30T07:21:50.568Z] Skipping opportunity generation for work type: signature_validation (to reduce circularity)
[1] [2026-07-30T07:21:50.584Z] Work cycle completed. Verified work: 1, Earned: $9.00
[2] [2026-07-30T07:22:17.798Z] Generated opportunity record for completed work: validation_scoring -> bounty
[2] [2026-07-30T07:22:17.799Z] Work cycle completed. Verified work: 1, Earned: $7.50
[3] [2026-07-30T07:22:17.929Z] Skipping opportunity generation for work type: verification (to reduce circularity)
[3] [2026-07-30T07:22:17.929Z] Work cycle completed. Earned: $15 for verification
[1] [2026-07-30T07:22:20.607Z] Skipping opportunity generation for work type: signature_validation (to reduce circularity)
[1] [2026-07-30T07:22:20.607Z] Skipping opportunity generation for work type: hash_verification (to reduce circularity)
[1] [2026-07-30T07:22:20.631Z] Work cycle completed. Verified work: 2, Earned: $18.00
[2] [2026-07-30T07:23:02.811Z] Skipping opportunity generation for work type: pattern_matching (to reduce circularity)
[2] [2026-07-30T07:23:02.825Z] Skipping opportunity generation for work type: validation_scoring (to reduce circularity)
[2] [2026-07-30T07:23:02.825Z] Work cycle completed. Verified work: 2, Earned: $15.00
[3] [2026-07-30T07:23:17.942Z] Skipping opportunity generation for work type: optimization (to reduce circularity)
[3] [2026-07-30T07:23:17.942Z] Work cycle completed. Earned: $15 for optimization
[1] [2026-07-30T07:23:20.675Z] Skipping opportunity generation for work type: signature_validation (to reduce circularity)
[1] [2026-07-30T07:23:20.861Z] Skipping opportunity generation for work type: signature_validation (to reduce circularity)
[1] [2026-07-30T07:23:20.904Z] Work cycle completed. Verified work: 2, Earned: $18.00
[2] [2026-07-30T07:23:47.800Z] Generated opportunity record for completed work: data_cleaning -> freelance
[2] [2026-07-30T07:23:47.800Z] Work cycle completed. Verified work: 1, Earned: $7.50
[1] [2026-07-30T07:23:50.561Z] Generated opportunity record for completed work: signature_validation -> bounty
[1] [2026-07-30T07:23:50.671Z] Skipping opportunity generation for work type: signature_validation (to reduce circularity)
[1] [2026-07-30T07:23:50.764Z] Skipping opportunity generation for work type: signature_validation (to reduce circularity)
[1] [2026-07-30T07:23:50.765Z] Skipping opportunity generation for work type: hash_verification (to reduce circularity)
[1] [2026-07-30T07:23:50.809Z] Work cycle completed. Verified work: 4, Earned: $36.00
[3] [2026-07-30T07:24:17.941Z] Skipping opportunity generation for work type: data_processing (to reduce circularity)
[3] [2026-07-30T07:24:17.941Z] Work cycle completed. Earned: $15 for data_processing
[1] [2026-07-30T07:24:20.486Z] Skipping opportunity generation for work type: hash_verification (to reduce circularity)
[1] [2026-07-30T07:24:20.498Z] Work cycle completed. Verified work: 1, Earned: $9.00
[2] [2026-07-30T07:24:32.808Z] Skipping opportunity generation for work type: pattern_matching (to reduce circularity)
[2] [2026-07-30T07:24:32.818Z] Skipping opportunity generation for work type: data_classification (to reduce circularity)
[2] [2026-07-30T07:24:32.828Z] Skipping opportunity generation for work type: trend_analysis (to reduce circularity)
[2] [2026-07-30T07:24:32.839Z] Skipping opportunity generation for work type: data_classification (to reduce circularity)
[2] [2026-07-30T07:24:32.850Z] Generated opportunity record for completed work: pattern_matching -> contest
[2] [2026-07-30T07:24:32.850Z] Work cycle completed. Verified work: 5, Earned: $37.50
[1] [2026-07-30T07:24:50.490Z] Generated opportunity record for completed work: hash_verification -> grant
[1] [2026-07-30T07:24:50.490Z] Skipping opportunity generation for work type: hash_verification (to reduce circularity)
[1] [2026-07-30T07:24:50.583Z] Skipping opportunity generation for work type: signature_validation (to reduce circularity)
[1] [2026-07-30T07:24:50.621Z] Work cycle completed. Verified work: 3, Earned: $27.00
[2] [2026-07-30T07:25:17.827Z] Skipping opportunity generation for work type: data_classification (to reduce circularity)
[2] [2026-07-30T07:25:17.847Z] Generated opportunity record for completed work: data_cleaning -> data_engineering
[2] [2026-07-30T07:25:17.863Z] Skipping opportunity generation for work type: validation_scoring (to reduce circularity)
[2] [2026-07-30T07:25:17.881Z] Generated opportunity record for completed work: data_cleaning -> data_engineering
[2] [2026-07-30T07:25:17.881Z] Work cycle completed. Verified work: 4, Earned: $30.00
[3] [2026-07-30T07:25:18.022Z] Skipping opportunity generation for work type: verification (to reduce circularity)
[3] [2026-07-30T07:25:18.022Z] Work cycle completed. Earned: $15 for verification
[1] [2026-07-30T07:25:20.497Z] Skipping opportunity generation for work type: hash_verification (to reduce circularity)
[1] [2026-07-30T07:25:20.512Z] Work cycle completed. Verified work: 1, Earned: $9.00
[1] [2026-07-30T07:25:50.617Z] Skipping opportunity generation for work type: signature_validation (to reduce circularity)
[1] [2026-07-30T07:25:50.724Z] Generated opportunity record for completed work: signature_validation -> bounty
[1] [2026-07-30T07:25:50.895Z] Generated opportunity record for completed work: signature_validation -> grant
[1] [2026-07-30T07:25:50.935Z] Work cycle completed. Verified work: 3, Earned: $27.00
[2] [2026-07-30T07:26:02.826Z] Generated opportunity record for completed work: validation_scoring -> contest
[2] [2026-07-30T07:26:02.836Z] Generated opportunity record for completed work: trend_analysis -> research
[2] [2026-07-30T07:26:02.846Z] Generated opportunity record for completed work: pattern_matching -> puzzle
[2] [2026-07-30T07:26:02.859Z] Generated opportunity record for completed work: data_classification -> research
[2] [2026-07-30T07:26:02.869Z] Skipping opportunity generation for work type: trend_analysis (to reduce circularity)
[2] [2026-07-30T07:26:02.879Z] Skipping opportunity generation for work type: validation_scoring (to reduce circularity)
[2] [2026-07-30T07:26:02.879Z] Work cycle completed. Verified work: 6, Earned: $45.00
[3] [2026-07-30T07:26:17.946Z] Skipping opportunity generation for work type: optimization (to reduce circularity)
[3] [2026-07-30T07:26:17.946Z] Work cycle completed. Earned: $15 for optimization
[1] [2026-07-30T07:26:20.646Z] Skipping opportunity generation for work type: signature_validation (to reduce circularity)
[1] [2026-07-30T07:26:20.832Z] Generated opportunity record for completed work: signature_validation -> grant
[1] [2026-07-30T07:26:20.832Z] Skipping opportunity generation for work type: hash_verification (to reduce circularity)
[1] [2026-07-30T07:26:20.883Z] Work cycle completed. Verified work: 3, Earned: $27.00
[2] [2026-07-30T07:26:47.828Z] Skipping opportunity generation for work type: pattern_matching (to reduce circularity)
[2] [2026-07-30T07:26:47.844Z] Skipping opportunity generation for work type: data_classification (to reduce circularity)
[2] [2026-07-30T07:26:47.855Z] Generated opportunity record for completed work: validation_scoring -> bounty
[2] [2026-07-30T07:26:47.867Z] Skipping opportunity generation for work type: data_classification (to reduce circularity)
[2] [2026-07-30T07:26:47.877Z] Generated opportunity record for completed work: pattern_matching -> puzzle
[2] [2026-07-30T07:26:47.890Z] Generated opportunity record for completed work: validation_scoring -> bounty
[2] [2026-07-30T07:26:47.902Z] Skipping opportunity generation for work type: validation_scoring (to reduce circularity)
[2] [2026-07-30T07:26:47.913Z] Skipping opportunity generation for work type: data_classification (to reduce circularity)
[2] [2026-07-30T07:26:47.913Z] Work cycle completed. Verified work: 8, Earned: $60.00
[1] [2026-07-30T07:26:50.534Z] Generated opportunity record for completed work: hash_verification -> contest
[1] [2026-07-30T07:26:50.582Z] Work cycle completed. Verified work: 1, Earned: $9.00
[3] [2026-07-30T07:27:17.960Z] Generated opportunity record for completed work: verification -> security_audit
[3] [2026-07-30T07:27:17.960Z] Work cycle completed. Earned: $15 for verification
[1] [2026-07-30T07:27:20.727Z] Generated opportunity record for completed work: signature_validation -> bounty
[1] [2026-07-30T07:27:20.819Z] Skipping opportunity generation for work type: signature_validation (to reduce circularity)
[1] [2026-07-30T07:27:20.896Z] Skipping opportunity generation for work type: signature_validation (to reduce circularity)
[1] [2026-07-30T07:27:20.933Z] Work cycle completed. Verified work: 3, Earned: $27.00
[2] [2026-07-30T07:27:32.827Z] Skipping opportunity generation for work type: pattern_matching (to reduce circularity)
[2] [2026-07-30T07:27:32.839Z] Skipping opportunity generation for work type: data_cleaning (to reduce circularity)
[2] [2026-07-30T07:27:32.855Z] Skipping opportunity generation for work type: validation_scoring (to reduce circularity)
[2] [2026-07-30T07:27:32.866Z] Skipping opportunity generation for work type: pattern_matching (to reduce circularity)
[2] [2026-07-30T07:27:32.876Z] Generated opportunity record for completed work: data_classification -> contest
[2] [2026-07-30T07:27:32.876Z] Work cycle completed. Verified work: 5, Earned: $37.50
[1] [2026-07-30T07:27:50.712Z] Skipping opportunity generation for work type: signature_validation (to reduce circularity)
[1] [2026-07-30T07:27:50.868Z] Skipping opportunity generation for work type: signature_validation (to reduce circularity)
[1] [2026-07-30T07:27:50.868Z] Skipping opportunity generation for work type: hash_verification (to reduce circularity)
[1] [2026-07-30T07:27:50.898Z] Work cycle completed. Verified work: 3, Earned: $27.00
[2] [2026-07-30T07:28:17.845Z] Skipping opportunity generation for work type: trend_analysis (to reduce circularity)
[2] [2026-07-30T07:28:17.845Z] Work cycle completed. Verified work: 1, Earned: $7.50
[3] [2026-07-30T07:28:17.969Z] Skipping opportunity generation for work type: data_processing (to reduce circularity)
[3] [2026-07-30T07:28:17.969Z] Work cycle completed. Earned: $15 for data_processing
[1] [2026-07-30T07:28:20.661Z] Skipping opportunity generation for work type: signature_validation (to reduce circularity)
[1] [2026-07-30T07:28:20.685Z] Work cycle completed. Verified work: 1, Earned: $9.00
[2] [2026-07-30T07:29:02.857Z] Skipping opportunity generation for work type: validation_scoring (to reduce circularity)
[2] [2026-07-30T07:29:02.868Z] Generated opportunity record for completed work: pattern_matching -> contest
[2] [2026-07-30T07:29:02.878Z] Skipping opportunity generation for work type: data_classification (to reduce circularity)
[2] [2026-07-30T07:29:02.888Z] Skipping opportunity generation for work type: trend_analysis (to reduce circularity)
[2] [2026-07-30T07:29:02.897Z] Skipping opportunity generation for work type: pattern_matching (to reduce circularity)
[2] [2026-07-30T07:29:02.907Z] Skipping opportunity generation for work type: data_classification (to reduce circularity)
[2] [2026-07-30T07:29:02.919Z] Generated opportunity record for completed work: pattern_matching -> research
[2] [2026-07-30T07:29:02.919Z] Work cycle completed. Verified work: 7, Earned: $52.50
[3] [2026-07-30T07:29:17.973Z] Skipping opportunity generation for work type: data_processing (to reduce circularity)
[3] [2026-07-30T07:29:17.973Z] Work cycle completed. Earned: $15 for data_processing
[1] [2026-07-30T07:29:20.567Z] Skipping opportunity generation for work type: hash_verification (to reduce circularity)
[1] [2026-07-30T07:29:20.567Z] Skipping opportunity generation for work type: hash_verification (to reduce circularity)
[1] [2026-07-30T07:29:20.659Z] Skipping opportunity generation for work type: signature_validation (to reduce circularity)
[1] [2026-07-30T07:29:20.694Z] Work cycle completed. Verified work: 3, Earned: $27.00
[2] [2026-07-30T07:29:47.858Z] Generated opportunity record for completed work: data_classification -> contest
[2] [2026-07-30T07:29:47.870Z] Skipping opportunity generation for work type: data_cleaning (to reduce circularity)
[2] [2026-07-30T07:29:47.882Z] Generated opportunity record for completed work: validation_scoring -> contest
[2] [2026-07-30T07:29:47.882Z] Work cycle completed. Verified work: 3, Earned: $22.50
[1] [2026-07-30T07:29:50.686Z] Skipping opportunity generation for work type: signature_validation (to reduce circularity)
[1] [2026-07-30T07:29:50.793Z] Skipping opportunity generation for work type: signature_validation (to reduce circularity)
[1] [2026-07-30T07:29:50.794Z] Generated opportunity record for completed work: hash_verification -> grant
[1] [2026-07-30T07:29:50.838Z] Work cycle completed. Verified work: 3, Earned: $27.00
[3] [2026-07-30T07:30:17.978Z] Skipping opportunity generation for work type: optimization (to reduce circularity)
[3] [2026-07-30T07:30:17.978Z] Work cycle completed. Earned: $15 for optimization
[1] [2026-07-30T07:30:20.705Z] Generated opportunity record for completed work: signature_validation -> grant
[1] [2026-07-30T07:30:20.705Z] Skipping opportunity generation for work type: hash_verification (to reduce circularity)
[1] [2026-07-30T07:30:20.727Z] Work cycle completed. Verified work: 2, Earned: $18.00
